name,description,ignore,type,formula,minbin,missing
ALMOST_ALL_MISSING_CAT,,,category,,,
CAT_ACQIAIMFJX,,,category,,,
CAT_AEOJPATXQC,,,category,,,
CAT_AIQRLMHBSC,,,category,,,
CAT_ALSFBRCTFX,,,category,,,
CAT_AOEWQICJBH,,,category,,,
CAT_ASKSDYAYPI,,,category,,,
CAT_AUDXIRLVQT,,,category,,,
CAT_AVPQRGWBOZ,,,category,,,
CAT_AXNDYBRMHT,,,category,,,
CAT_AZKLTXDHEJ,,,category,,,
CAT_BEWOZBGZDF,,,category,,,
CAT_BJKEBTJUJJ,,,category,,,
CAT_BQNWNIKFCM,,,category,,,
CAT_BSJPMNSLAE,,,category,,,
CAT_BVSYZTNIUB,,,category,,,
CAT_BXPYFYPEFK,,,category,,,
CAT_CAERKLQZAT,,,category,,,
CAT_CEBXEVBILR,,,category,,,
CAT_CGWISBKLDE,,,category,,,
CAT_CIVFPMJPVK,,,category,,,
CAT_CPHJZHNAYL,,,category,,,
CAT_CRXTMTDSCP,,,category,,,
CAT_CTWHUGYNRQ,,,category,,,
CAT_CWRWNUJEBQ,,,category,,,
CAT_DAVDWGAPCB,,,category,,,
CAT_DDNOCPDTQP,,,category,,,
CAT_DHJFOCPRFR,,,category,,,
CAT_DKFIYIETAC,,,category,,,
CAT_DLXFILIHNB,,,category,,,
CAT_DPAKZGZMZP,,,category,,,
CAT_DRMSFNLWEN,,,category,,,
CAT_DUIQYHDTSI,,,category,,,
CAT_DYDSATZGCP,,,category,,,
CAT_EDOWIOWNGU,,,category,,,
CAT_EJKMUOKVYI,,,category,,,
CAT_EMZWNSDUPC,,,category,,,
CAT_EPXAEDSTEO,,,category,,,
CAT_ETOBCOFOYZ,,,category,,,
CAT_EWOLMJEHCJ,,,category,,,
CAT_FBXGRJQKKX,,,category,,,
CAT_FELYAWMVTJ,,,category,,,
CAT_FJZHOAREBP,,,category,,,
CAT_FPGIUQDARC,,,category,,,
CAT_FVCBNYIBEZ,,,category,,,
CAT_FXHRCHEVHA,,,category,,,
CAT_GCBNDQVHJX,,,category,,,
CAT_GERJOGYKAI,,,category,,,
CAT_GIINUVAODI,,,category,,,
CAT_GLYVNUKPLI,,,category,,,
CAT_GNYEZZSLJW,,,category,,,
CAT_GQKKBJGWRY,,,category,,,
CAT_GUHPATBRAQ,,,category,,,
CAT_HARXXKTYUZ,,,category,,,
CAT_HDHFVFONNK,,,category,,,
CAT_HJPSPXWJVF,,,category,,,
CAT_HOSVAKUWJN,,,category,,,
CAT_HTOGYDIPYJ,,,category,,,
CAT_HUXDWBIQDK,,,category,,,
CAT_HYWOGCOFTT,,,category,,,
CAT_IAYDQYISQG,,,category,,,
CAT_IEIUPDSNXZ,,,category,,,
CAT_IJJNIAVBCO,,,category,,,
CAT_INLYYOUCTN,,,category,,,
CAT_IPZMJQIVTY,,,category,,,
CAT_IWSTGVNRRP,,,category,,,
CAT_JDDOPTTLUN,,,category,,,
CAT_JIEVTUNLRV,,,category,,,
CAT_JKMXTRFDVJ,,,category,,,
CAT_JNCMAEBLFW,,,category,,,
CAT_JRNOOKKJOH,,,category,,,
CAT_KAPSZXGBWM,,,category,,,
CAT_KGQOXDPWZC,,,category,,,
CAT_KKFWGMAYDA,,,category,,,
CAT_KNEDDCAEQI,,,category,,,
CAT_KTFWKXZLFZ,,,category,,,
CAT_KWKJQZYYPJ,,,category,,,
CAT_LAGSOXNISN,,,category,,,
CAT_LELRZCHMBO,,,category,,,
CAT_LHOKXQTMWN,,,category,,,
CAT_LJXTBQMKEG,,,category,,,
CAT_LLDRIKIJDY,,,category,,,
CAT_LPQVKUDGHQ,,,category,,,
CAT_LUEWALQPIE,,,category,,,
CAT_LYIVUFUQYG,,,category,,,
CAT_MAVYRVPAFT,,,category,,,
CAT_MHNOKSCPIW,,,category,,,
CAT_MJQYZJGDVO,,,category,,,
CAT_MNKUQMCLTX,,,category,,,
CAT_MXNUWZPAMB,,,category,,,
CAT_NALPHKHKKD,,,category,,,
CAT_NFVYAZABVD,,,category,,,
CAT_NJLEGMQRFH,,,category,,,
CAT_NMYYVYMXOK,,,category,,,
CAT_NORDESNNJT,,,category,,,
CAT_NREQZIWQIF,,,category,,,
CAT_NVHFTKYAGZ,,,category,,,
CAT_NYOGXTHYRG,,,category,,,
CAT_OEGPIZUERK,,,category,,,
CAT_OITBFISZBL,,,category,,,
CAT_OMTEZSWMJB,,,category,,,
CAT_OORMSYXGML,,,category,,,
CAT_OSMYRWJNXD,,,category,,,
CAT_OWRINLWUHX,,,category,,,
CAT_PBJXJCIMOU,,,category,,,
CAT_PHXGWATWAZ,,,category,,,
CAT_PLQTMDFYVW,,,category,,,
CAT_POLAGSHHKY,,,category,,,
CAT_PSUWDIVDQB,,,category,,,
CAT_PYXZXQZDKC,,,category,,,
CAT_PZZBJFYLAG,,,category,,,
CAT_QEFNUDDYDT,,,category,,,
CAT_QHVRIDVFRO,,,category,,,
CAT_QMZGGKCFXW,,,category,,,
CAT_QPOGALPAYA,,,category,,,
CAT_QRTOSWSIAK,,,category,,,
CAT_QTQESGBFJS,,,category,,,
CAT_QYXHSXCFQK,,,category,,,
CAT_RBQXBVWPML,,,category,,,
CAT_RGEPHRQJVX,,,category,,,
CAT_RKYHXDYGSU,,,category,,,
CAT_RMCOYCVARI,,,category,,,
CAT_RPKFPTIDLD,,,category,,,
CAT_RRLASEYPNZ,,,category,,,
CAT_RZRVUDYESE,,,category,,,
CAT_SBYOFNPZPD,,,category,,,
CAT_SGHCURDODY,,,category,,,
CAT_SMOUXPWAWC,,,category,,,
CAT_SRZKPPZNWW,,,category,,,
CAT_SWAONEAAJP,,,category,,,
CAT_SYNQTUDCRO,,,category,,,
CAT_TDGTVFUBNN,,,category,,,
CAT_TIGOMFUDGV,,,category,,,
CAT_TMGFLBQSMX,,,category,,,
CAT_TRDWKSPXHF,,,category,,,
CAT_TUJFOHKXTS,,,category,,,
CAT_TYLRCRWBXB,,,category,,,
CAT_UBXYVMXMMH,,,category,,,
CAT_UCQGAHDHNU,,,category,,,
CAT_UGAYSMXGFC,,,category,,,
CAT_UIPXDDCLMO,,,category,,,
CAT_UMCDKWPDJG,,TRUE,category,,,
CAT_UPUSBFYBBF,,TRUE,category,,,
CAT_UTKLXIYEUI,,TRUE,category,,,
CAT_VASRHFKFHJ,,,category,,,
CAT_VHTKBOYTSD,,,category,,,
CAT_VKOYUDCBLN,,,category,,,
CAT_VNDZXEVQZV,,,category,,,
CAT_VRCMDSDCOD,,,category,,,
CAT_VVCWFXKDBU,,,category,,,
CAT_WCHEWEIZVO,,,category,,,
CAT_WKXANDZMRP,,,category,,,
CAT_WPDHIFZNFN,,,category,,,
CAT_WSJZKVYFZW,,,category,,,
CAT_WWMAWDWIHF,,,category,,,
CAT_WXFYISNPEA,,,category,,,
CAT_XCCJJNBOFR,,,category,,,
CAT_XDXGSFGUZO,,,category,,,
CAT_XGIWVVBWEH,,,category,,,
CAT_XJWLEHMQPF,,,category,,,
CAT_XNSIRPTUDE,,,category,,,
CAT_XPSUVLFBVC,,,category,,,
CAT_XSJYFQHUCF,,,category,,,
CAT_XYACFTTSUQ,,,category,,,
CAT_YBYKQCRJEX,,,category,,,
CAT_YCTEHJMXWR,,,category,,,
CAT_YJGMPFBZVV,,,category,,,
CAT_YOWKFDRUYJ,,,category,,,
CAT_YRJKWGMDIA,,,category,,,
CAT_YVPWGHYYHY,,,category,,,
CAT_YZBXRICIDT,,,category,,,
CAT_ZEAGUCWHFL,,,category,,,
CAT_ZHCVYVBUCO,,,category,,,
CAT_ZJJKCZSJIN,,,category,,,
CAT_ZNJPTPHANR,,,category,,,
CAT_ZPMFJYDLLX,,,category,,,
CAT_ZTWOXLPOHP,,,category,,,
CAT_ZXCMWOLFGL,,,category,,,
DATE_ACGWAVJTKY,,,date,,,
DATE_AVLDLGASUS,,,date,,,
DATE_BQHHEWMZDT,,,date,,,
DATE_CBMSJZIXGH,,,date,,,
DATE_CVOYDDRWWD,,,date,,,
DATE_DPUPJJKRGZ,,,date,,,
DATE_DZDZKJZFSN,,,date,,,
DATE_ENZCNOSENY,,,date,,,
DATE_FMBTQPWPOR,,,date,,,
DATE_GAKKEILRNC,,,date,,,
DATE_GLPAWZEVTB,,,date,,,
DATE_HDLTSQHMPM,,,date,,,
DATE_HUZDUFJOOH,,,date,,,
DATE_IBXNYGZIPH,,,date,,,
DATE_IRYFFLTPWT,,,date,,,
DATE_JKEXZKOUNY,,,date,,,
DATE_JNRTFZYFMZ,,,date,,,
DATE_KGGBEUQSWR,,,date,,,
DATE_KWSRCZXTFX,,,date,,,
DATE_LOWKHSNJXF,,,date,,,
DATE_MGILNLRXED,,,date,,,
DATE_MZEEDOTJHU,,,date,,,
DATE_NDIDRROFPW,,,date,,,
DATE_NMINVLFLJY,,,date,,,
DATE_NZQFPVIIBV,,,date,,,
DATE_OICCBDBVMI,,,date,,,
DATE_OTVWRZMABE,,TRUE,date,,,
DATE_PEHUVNWPGL,,TRUE,date,,,
DATE_PSYBHIDISE,,TRUE,date,,,
DATE_QDSKUATJTQ,,TRUE,date,,,
DATE_RBPCVUUYKU,,,date,,,
DATE_RJUHSGGXFA,,,date,,,
DATE_RQOXCUAMVI,,,date,,,
DATE_SKVPYMFGWN,,,date,,,
DATE_SUICQEEVLY,,,date,,,
DATE_TJLAWKDRYQ,,,date,,,
DATE_UDFZDVJYHU,,,date,,,
DATE_UOAZSSGAEI,,,date,,,
DATE_VKVEVOXZBC,,,date,,,
DATE_VXTBWDKIOZ,,,date,,,
DATE_WXDJLKDMEC,,,date,,,
DATE_XIKMCAOXNH,,,date,,,
DATE_XXGCOPBPDX,,,date,,,
DATE_YKCXOCQISK,,,date,,,
DATE_ZFZWSCQMPR,,,date,,,
NUM_ACTGCMZMPK,,,number,,,
NUM_AITKSZOPLP,,,number,,,
NUM_ANYTGEKGSJ,,,number,,,
NUM_AYESIGHYWF,,,number,,,
NUM_BCDPNCTSKT,,,number,,,
NUM_BETZPWJPCF,,,number,,,
NUM_BGMBGCFQRO,,,number,,,
NUM_BKLQFQLIIW,,,number,,,
NUM_BMDIIGVJUH,,,number,,,
NUM_BOUBSTVXWF,,,number,,,
NUM_BSLWMRRJWV,,,number,,,
NUM_BWDJGLAGPS,,,number,,,
NUM_BZNLCLEQPZ,,,number,,,
NUM_CEQHUJOQUN,,,number,,,
NUM_CKTPAFTMFV,,,number,,,
NUM_COTRCKRQHP,,,number,,,
NUM_CSRAXNQGSM,,,number,,,
NUM_CUUKWWMHNK,,,number,,,
NUM_CXUCQJAXNO,,,number,,,
NUM_DARVYAWVWY,,,number,,,
NUM_DDHFQGIEZK,,,number,,,
NUM_DFTQZDOQFB,,,number,,,
NUM_DLADRQRTEK,,,number,,,
NUM_DSSPALJSHJ,,,number,,,
NUM_DVJXLMYEMP,,,number,,,
NUM_DYIFXIIYJM,,,number,,,
NUM_EECGPRRMHC,,,number,,,
NUM_EMNZDKGSVR,,,number,,,
NUM_EQEBGJTHNW,,,number,,,
NUM_EUDYGSSNAR,,,number,,,
NUM_EVNONCJORC,,,number,,,
NUM_EZBCUPVKFN,,,number,,,
NUM_FFMWKKIJIQ,,,number,,,
NUM_FKDXXJGHFJ,,,number,,,
NUM_FNMWWXFGMW,,,number,,,
NUM_FPNQUXTVMK,,,number,,,
NUM_FSUIERPUIV,,,number,,,
NUM_FWFZZUHVKS,,,number,,,
NUM_GBHNBEWHXY,,,number,,,
NUM_GDGHHITQOX,,,number,,,
NUM_GENRFWOWIO,,,number,,,
NUM_GHOCCLQMZW,,,number,,,
NUM_GNJNBGTJJQ,,,number,,,
NUM_GOSVESTNVH,,,number,,,
NUM_GRCISMDQSO,,,number,,,
NUM_GUHNFFIPYB,,,number,,,
NUM_GYFQRWYZVR,,,number,,,
NUM_HCRDKWYBHU,,,number,,,
NUM_HGDQVIFZKE,,,number,,,
NUM_HIRXBHFGOL,,,number,,,
NUM_HNSWYDNXSL,,,number,,,
NUM_HRPDGYYKRK,,,number,,,
NUM_HVMXLUYRHR,,,number,,,
NUM_IAGEHXNDVK,,,number,,,
NUM_IDWXFPXJET,,,number,,,
NUM_IGPEUWUCLB,,,number,,,
NUM_IJEJBGZPOA,,,number,,,
NUM_IPSHBWZNLC,,,number,,,
NUM_IWBHYICADD,,,number,,,
NUM_IYQHQWBNHO,,,number,,,
NUM_JFDGEYHHVG,,,number,,,
NUM_JHNEYYQZXO,,,number,,,
NUM_JNJLTXCJAO,,,number,,,
NUM_JOUZACJYUN,,,number,,,
NUM_JTHTLNROTG,,,number,,,
NUM_JYMEJGAHOV,,,number,,,
NUM_KBUMOZDIAG,,,number,,,
NUM_KKAKPHNBYN,,,number,,,
NUM_KMEYBXCXXU,,,number,,,
NUM_KPPYXGXDMW,,,number,,,
NUM_KSBEWVHLVM,,,number,,,
NUM_KWYHZQAUIB,,,number,,,
NUM_LAHFMDNSDR,,,number,,,
NUM_LEPPWJRCOO,,,number,,,
NUM_LIYFUICFPP,,,number,,,
NUM_LMUJBEBONE,,,number,,,
NUM_LPTBJZJNTM,,,number,,,
NUM_LUMQOBNMMT,,,number,,,
NUM_LZOLAWJXPG,,,number,,,
NUM_MCRXDUJGJH,,,number,,,
NUM_MFAWWJWESS,,,number,,,
NUM_MNOYONBEXB,,,number,,,
NUM_MPTMMVIDAH,,,number,,,
NUM_MRYZEDNHGF,,,number,,,
NUM_MTYPEKHMDY,,,number,,,
NUM_MZNGIWISVE,,,number,,,
NUM_NBKXNUCULS,,,number,,,
NUM_NGGVWNNXKX,,,number,,,
NUM_NIGXPQAGPT,,,number,,,
NUM_NNXGWMGYBV,,,number,,,
NUM_NSWQNNRIEZ,,,number,,,
NUM_NXWSREVXDX,,,number,,,
NUM_OBPNREOXBK,,,number,,,
NUM_OEAAOBUVEY,,,number,,,
NUM_OFMTIQTHZE,,,number,,,
NUM_OHBZWDPVTD,,,number,,,
NUM_OLNOLENIXY,,,number,,,
NUM_ONBKASODWQ,,,number,,,
NUM_OQCLFDCVRT,,,number,,,
NUM_OWHKBUUIHL,,,number,,,
NUM_OYGXRJFDQK,,,number,,,
NUM_PBBHVEKEVF,,,number,,,
NUM_PJGJJSSOFB,,,number,,,
NUM_PLUSWEDFHQ,,,number,,,
NUM_PRFSGNARQA,,,number,,,
NUM_PWZJKWKHKO,,,number,,,
NUM_QAAQULTPOJ,,,number,,,
NUM_QFZNMRKJLL,,,number,,,
NUM_QINBSOSWVI,,,number,,,
NUM_QMSDDANZGR,,,number,,,
NUM_QPJJRKBKOQ,,,number,,,
NUM_QUPQCIWDOX,,,number,,,
NUM_QYTIXVOBYN,,,number,,,
NUM_RFVGCKAYBP,,,number,,,
NUM_RIUWXBQYAC,,,number,,,
NUM_ROQEUFELVZ,,,number,,,
NUM_RTURXDXICY,,,number,,,
NUM_RWFFCJEHKE,,,number,,,
NUM_RXNUFGXESG,,,number,,,
NUM_SCWAZXRZPG,,,number,,,
NUM_SKNAKCCRBO,,,number,,,
NUM_SODACGOLMJ,,,number,,,
NUM_SSKTRXPNXA,,,number,,,
CAT_ABBGLDXELX,,,category,,,
CAT_ACSKEOYSVD,,,category,,,
CAT_AGBCMSGPRX,,,category,,,
CAT_AJKWZRGBLP,,,category,,,
CAT_ALSLMZUAQT,,,category,,,
CAT_AOMYPJVJLQ,,,category,,,
CAT_ASWXXUUPQR,,,category,,,
CAT_AUPKPUKNYO,,,category,,,
CAT_AWCQFIAWGL,,,category,,,
CAT_AXZIFVNKQB,,,category,,,
CAT_BBJXWVPCTZ,,,category,,,
CAT_BFNDMYQGAG,,,category,,,
CAT_BKLHSJWAFR,,,category,,,
CAT_BQYEGJBVPD,,,category,,,
CAT_BSNSMXXKTA,,,category,,,
CAT_BVWOMWTQKR,,,category,,,
CAT_BXRBOQRRVB,,,category,,,
CAT_CCAWLLROOG,,,category,,,
CAT_CEOTNJYXJV,,,category,,,
CAT_CHOGDLRMYE,,,category,,,
CAT_CJLOTAXYCM,,,category,,,
CAT_CPLFONAMIA,,,category,,,
CAT_CSMCVDZMJK,,,category,,,
CAT_CVBGOOKRAU,,,category,,,
CAT_CZDMGBMXWA,,,category,,,
CAT_DBANGQCVWO,,,category,,,
CAT_DDUKMKERZT,,,category,,,
CAT_DHUPFFLEXF,,,category,,,
CAT_DKRCUQTVKE,,,category,,,
CAT_DNTOVGXNUF,,,category,,,
CAT_DPBVGQWBBY,,,category,,,
CAT_DSGHRAUAHX,,,category,,,
CAT_DURPLETJNN,,,category,,,
CAT_DZKFRVXZDY,,,category,,,
CAT_EFIYMPVDLG,,,category,,,
CAT_EJUKUJITVE,,,category,,,
CAT_ENBVPAGFVR,,,category,,,
CAT_EQKJQZPJAF,,,category,,,
CAT_ETPKQKKXVS,,,category,,,
CAT_EXURQZNEQU,,,category,,,
CAT_FCZDJWMIDU,,,category,,,
CAT_FEYXSWCORV,,,category,,,
CAT_FKSBDZRUXN,,,category,,,
CAT_FRTYTMEGJL,,,category,,,
CAT_FWQNGMLXDU,,,category,,,
CAT_GAHPIQJILD,,,category,,,
CAT_GCDFFHAXBZ,,,category,,,
CAT_GEYHOQAQWX,,,category,,,
CAT_GJBHNIWTXO,,,category,,,
CAT_GMNKELBRJC,,,category,,,
CAT_GOADCMWOHQ,,,category,,,
CAT_GRNNFSCTXR,,,category,,,
CAT_GUIHIINUTS,,,category,,,
CAT_HBQZGJNCGW,,,category,,,
CAT_HEFMZQTQSJ,,,category,,,
CAT_HJSSPQPWQL,,,category,,,
CAT_HQELWVOJQM,,,category,,,
CAT_HTRPOFNZSF,,,category,,,
CAT_HVFCMRDKYW,,,category,,,
CAT_HZCZFGSAML,,,category,,,
CAT_IBIPOYAKJM,,,category,,,
CAT_IFBSDYDBKF,,,category,,,
CAT_ILLBFTGSKM,,,category,,,
CAT_IOGZEHUCGT,,,category,,,
CAT_IRLZPYQSQP,,,category,,,
CAT_IXCNFRQFHG,,,category,,,
CAT_JGBYROQBYU,,,category,,,
CAT_JJHOFGFLBL,,,category,,,
CAT_JKYPFZOYTL,,,category,,,
CAT_JNTICVLAME,,,category,,,
CAT_JTIJJHDHFS,,,category,,,
CAT_KBLQVXZKHN,,,category,,,
CAT_KGQVWQZUGN,,,category,,,
CAT_KKGCQEWNNS,,TRUE,category,,,
CAT_KNZYEYBEAT,,TRUE,category,,,
CAT_KTQQAYIIHV,,,category,,,
CAT_KWTCDTOPVL,,,category,,,
CAT_LAUJHTLBTK,,,category,,,
CAT_LEYZXEEHLZ,,,category,,,
CAT_LHRGAGPMYY,,,category,,,
CAT_LJXUUMGYNV,,,category,,,
CAT_LLPPFPLQWH,,,category,,,
CAT_LQBCHWYBFI,,,category,,,
CAT_LUNBLXQOBO,,,category,,,
CAT_LYNBMXBJJF,,,category,,,
CAT_MBHYVRLURH,,,category,,,
CAT_MHTGMZICFW,,,category,,,
CAT_MKREPLJGIW,,,category,,,
CAT_MSLPJWSCRU,,,category,,,
CAT_MYCHRMWBQF,,,category,,,
CAT_NALXXYGCFY,,,category,,,
CAT_NHDKYKFDXV,,,category,,,
CAT_NJOXTDGTVC,,,category,,,
CAT_NNFSBNNCBI,,,category,,,
CAT_NOWRYEJPML,,,category,,,
CAT_NREUIYTQGY,,,category,,,
CAT_NVMYVFDGUD,,,category,,,
CAT_OAFUASXMPN,,,category,,,
CAT_OFDJCFRQPY,,,category,,,
CAT_OKCOLETIKX,,,category,,,
CAT_ONKRBZYLVF,,,category,,,
CAT_OPASDWBICZ,,,category,,,
CAT_OTJIEDARXH,,,category,,,
CAT_OWUNRWOWVI,,,category,,,
CAT_PCIFORXYNL,,,category,,,
CAT_PIRMOPPFUN,,,category,,,
CAT_PMWRDURYUR,,,category,,,
CAT_POWYQLBFWU,,,category,,,
CAT_PTICJZGNUX,,,category,,,
CAT_PYZYTFFYJR,,,category,,,
CAT_QABHENJSQT,,,category,,,
CAT_QFRVXQRUFQ,,,category,,,
CAT_QIQRPWXQJR,,,category,,,
CAT_QNASVNYEPS,,,category,,,
CAT_QQJWSTHVVK,,,category,,,
CAT_QRZEXKPNWQ,,,category,,,
CAT_QUSYBNGJIC,,,category,,,
CAT_QZPNIYWFCT,,,category,,,
CAT_RCJDUJWRTF,,,category,,,
CAT_RHEKVTCHWT,,,category,,,
CAT_RLLMVOARRY,,,category,,,
CAT_RMOLRIVGSA,,,category,,,
CAT_RPPFNUXFJR,,,category,,,
CAT_RRNRKOBCEP,,,category,,,
CAT_SACQXWQNIK,,,category,,,
CAT_SCSBOCNSAJ,,,category,,,
CAT_SJPOJUTZOA,,,category,,,
CAT_SPILVWHTOU,,,category,,,
CAT_SSDXIXECSY,,,category,,,
CAT_SWSSUPUVKR,,,category,,,
CAT_SYVGTNBZMF,,,category,,,
CAT_TESMPRLWCO,,,category,,,
CAT_TJXPKTTPCA,,,category,,,
CAT_TOJBCNIDEZ,,,category,,,
CAT_TSCTPQWIWY,,,category,,,
CAT_TVPBEGPEDH,,,category,,,
CAT_TYPNGVNUCW,,,category,,,
CAT_UBYKQGKQKC,,,category,,,
CAT_UCXSZXGUOW,,,category,,,
CAT_UGSDICHGML,,,category,,,
CAT_UJSJBQATGR,,,category,,,
CAT_UMUFAURTAW,,,category,,,
CAT_URIVOEUDCN,,,category,,,
CAT_UWTRXTJOEO,,,category,,,
CAT_VCPFYEFHBK,,,category,,,
CAT_VIEMPFFQNF,,,category,,,
CAT_VLLHZLPVQH,,,category,,,
CAT_VNESGPYPWI,,,category,,,
CAT_VRKMMDPQBU,,,category,,,
CAT_VVISHIWHOO,,,category,,,
CAT_WELGSCSNAH,,,category,,,
CAT_WLRWVTCNRZ,,,category,,,
CAT_WQEUVWBWZU,,,category,,,
CAT_WTJGJIAKMV,,,category,,,
CAT_WWRBLLSLYC,,,category,,,
CAT_WYAKUOFLKU,,,category,,,
CAT_XCFEXVTRZK,,,category,,,
CAT_XEXNBENSSS,,,category,,,
CAT_XGQXENBZEJ,,,category,,,
CAT_XKJUTHJSPF,,,category,,,
CAT_XOAYJSIPDU,,,category,,,
CAT_XPYSWAUOCN,,,category,,,
CAT_XTBAJIMLKZ,,,category,,,
CAT_XYCKPRQWSW,,,category,,,
CAT_YCDHNPKUJQ,,,category,,,
CAT_YDAAGMESEC,,,category,,,
CAT_YKJYKIPWZK,,,category,,,
CAT_YPLAAWLYBR,,,category,,,
CAT_YRLWNNUYFW,,,category,,,
CAT_YWKQIALJXU,,,category,,,
CAT_ZBAUKJSSWI,,,category,,,
CAT_ZEBJCSNYXC,,,category,,,
CAT_ZHYKRCIHQE,,,category,,,
CAT_ZKPEGVJXXP,,,category,,,
CAT_ZNRJMNPODY,,,category,,,
CAT_ZPOZZZBMII,,,category,,,
CAT_ZVKDBQCIWP,,,category,,,
CAT_ZXJLAFHQFT,,,category,,,
DATE_ACJLWNGCNL,,,date,,,
DATE_AZDWVWJTYY,,,date,,,
DATE_BQMMYOWQOI,,,date,,,
DATE_CPYWLDTNTB,,,date,,,
DATE_CWUNYZTSFC,,,date,,,
DATE_DUZREYTAUQ,,,date,,,
DATE_EDABMPNRJV,,,date,,,
DATE_ETVTPYFHMP,,,date,,,
DATE_FPTDNCCITP,,,date,,,
DATE_GATMDKRAGN,,,date,,,
DATE_GNHXAEGXUE,,,date,,,
DATE_HIRQXZAMCO,,,date,,,
DATE_HVNZCDSTUV,,,date,,,
DATE_IHALAGOKKF,,,date,,,
DATE_IXWKSDZTAJ,,TRUE,date,,,
DATE_JLTDLOWFRR,,TRUE,date,,,
DATE_JNWXWWJALE,,TRUE,date,,,
DATE_KIHRUVNCUT,,TRUE,date,,,
DATE_LCBSBOOUNJ,,TRUE,date,,,
DATE_LSAFLMOFKO,,,date,,,
DATE_MKOTXSZZFQ,,,date,,,
DATE_MZZRLFFPAG,,,date,,,
DATE_NDYRQXEVGL,,,date,,,
DATE_NRPBHKNPWG,,,date,,,
DATE_OCKPPFHSEO,,,date,,,
DATE_OJGFBNGQON,,,date,,,
DATE_OWEYBOFXBH,,,date,,,
DATE_PESCZMQGUT,,,date,,,
DATE_PVUARRNMDW,,,date,,,
DATE_QIEWLNKOXO,,,date,,,
DATE_REABCPRRSQ,,,date,,,
DATE_RMDAVZHNXO,,,date,,,
DATE_RRXLLYODDO,,,date,,,
DATE_SPNAROSJEC,,,date,,,
DATE_SVJSEFHZCP,,,date,,,
DATE_TKWBFLQMNY,,,date,,,
DATE_UDISMYNSLJ,,,date,,,
DATE_UOMXVUJCQX,,,date,,,
DATE_VMWQLJHJBX,,,date,,,
DATE_VYERCUFADA,,,date,,,
DATE_WXSEPLOJLF,,,date,,,
DATE_XLCNMRPCUK,,,date,,,
DATE_XXICAYZKNI,,,date,,,
DATE_YPUVPRUOGC,,,date,,,
DATE_ZQCADVQVCI,,,date,,,
NUM_ADTYLOZLGS,,,number,,,
NUM_AKWOJKFMSF,,,number,,,
NUM_APODIHZGEM,,,number,,,
NUM_AYIDULLLCE,,,number,,,
NUM_BDRNZTIDFS,,,number,,,
NUM_BEZPFCKGQP,,,number,,,
NUM_BHHUMMGSKI,,,number,,,
NUM_BLCJCZNKBL,,,number,,,
NUM_BMOJURTGRJ,,,number,,,
NUM_BOZBPIGLTU,,,number,,,
NUM_BSRUIHNCPY,,,number,,,
NUM_BWIPSJEBHF,,,number,,,
NUM_BZSZPVJTSB,,,number,,,
NUM_CGOGCVIJSB,,,number,,,
NUM_CLHTZXCDJN,,,number,,,
NUM_CPRVPJNTJD,,,number,,,
NUM_CTNRILHSUV,,,number,,,
NUM_CVPPEQMLMA,,,number,,,
NUM_CYNIHBZLTK,,,number,,,
NUM_DAWLCZWAUH,,,number,,,
NUM_DDTGAJLJWO,,,number,,,
NUM_DIZOQPVAHT,,,number,,,
NUM_DOSYIYWBMP,,,number,,,
NUM_DTDFECCJTO,,,number,,,
NUM_DWLDGEZNHF,,,number,,,
NUM_EAIDRAIJOP,,,number,,,
NUM_EEGIJUFXJR,,,number,,,
NUM_ENGMOTYGRH,,,number,,,
NUM_ERSOZBLPJS,,,number,,,
NUM_EUHSXHGIQE,,,number,,,
NUM_EVRKQSUUHE,,,number,,,
NUM_FDBGWUFPTD,,,number,,,
NUM_FFQHCGOVNE,,,number,,,
NUM_FKOHHDDYHW,,,number,,,
NUM_FOKRAORNUG,,,number,,,
NUM_FQIBSUAACK,,,number,,,
NUM_FTUFLRAMQO,,,number,,,
NUM_FXMBKLRRBN,,,number,,,
NUM_GCBOQAIPJS,,,number,,,
NUM_GDNROYJEOW,,,number,,,
NUM_GETVRIFNGZ,,,number,,,
NUM_GHUDAOSRNX,,,number,,,
NUM_GNPVGGLDJP,,,number,,,
NUM_GPHNYRRSAH,,,number,,,
NUM_GSSZWWKRMB,,,number,,,
NUM_GVKWMAVTCW,,,number,,,
NUM_GYMJPORMTS,,,number,,,
NUM_HDGREQLMEY,,,number,,,
NUM_HGFZFVPDTY,,,number,,,
NUM_HJTCVEQOAQ,,,number,,,
NUM_HPUPCVEKXT,,,number,,,
NUM_HTAHAVZAZR,,,number,,,
NUM_HVXUYZTRRG,,,number,,,
NUM_IAXLMZPFQJ,,,number,,,
NUM_IFBEZMHOTV,,,number,,,
NUM_IHWRQZDZTY,,,number,,,
NUM_IKFRLVTXCW,,,number,,,
NUM_IRJDPLRGUQ,,,number,,,
NUM_IWUYYMNTYD,,,number,,,
NUM_IYVJLFXBAN,,,number,,,
NUM_JFFSKZJVUL,,,number,,,
NUM_JKMJFATQUW,,,number,,,
NUM_JNLPHICICE,,,number,,,
NUM_JPNXERSXPN,,,number,,,
NUM_JVRYEROLAV,,,number,,,
NUM_JZMDBLBOUX,,,number,,,
NUM_KDTFGRTIOP,,,number,,,
NUM_KKBLTUIUKY,,,number,,,
NUM_KMWNHRJHDL,,,number,,,
NUM_KPZEVMPDQA,,,number,,,
NUM_KSKADLLTPU,,,number,,,
NUM_KYBBTBSGTE,,,number,,,
NUM_LBIOUKIJYT,,,number,,,
NUM_LEVQZCBLER,,,number,,,
NUM_LJFAEUTYYN,,,number,,,
NUM_LMWLHZIRFE,,,number,,,
NUM_LPUODWTVRG,,,number,,,
NUM_LUYPEQRKPX,,,number,,,
NUM_LZTOZKOUZE,,,number,,,
NUM_MDEGDZAEUR,,,number,,,
NUM_MJCDKSXGLQ,,,number,,,
NUM_MNSLWUOGOL,,,number,,,
NUM_MPVEVEQMSR,,,number,,,
NUM_MSTSRSRAEM,,,number,,,
NUM_MUSITNLHXG,,,number,,,
NUM_MZRGWXCRRR,,,number,,,
NUM_NDAXJYPVPY,,,number,,,
NUM_NGXWQKSZLR,,,number,,,
NUM_NIHRKPWLYW,,,number,,,
NUM_NPCPXMRFCP,,,number,,,
NUM_NUVJZXSRXI,,,number,,,
NUM_NYLRGQTWKS,,,number,,,
NUM_OCRCSZVAJV,,,number,,,
NUM_OEARBADYNL,,,number,,,
NUM_OFPHBKWBKJ,,,number,,,
NUM_OIWFXCOJVP,,,number,,,
NUM_OLQFFUAZEO,,,number,,,
NUM_OOFNPMWDZB,,,number,,,
NUM_OQEOBILWXG,,,number,,,
NUM_OWSNPTBYBZ,,,number,,,
NUM_OYSICOTWAD,,,number,,,
NUM_PBRYNZPWUX,,,number,,,
NUM_PJNGEWKLTD,,,number,,,
NUM_PNFABYAEUJ,,,number,,,
NUM_PSMUSWTMQZ,,,number,,,
NUM_PXVDNMHVJJ,,,number,,,
NUM_QBKCBZSOWY,,,number,,,
NUM_QGQCPVFDWI,,,number,,,
NUM_QJOTAFKCNQ,,,number,,,
NUM_QNRMPZMFJU,,,number,,,
NUM_QQVLCOPOIM,,,number,,,
NUM_QWKNPHZLGJ,,,number,,,
NUM_RABPWAOHBS,,,number,,,
NUM_RHAVEXHDUO,,,number,,,
NUM_RJSGVUKDJR,,,number,,,
NUM_ROXADRCAKD,,,number,,,
NUM_RTWAIXNXDD,,,number,,,
NUM_RWJPQQENRA,,,number,,,
NUM_RXTFAVWXTJ,,,number,,,
NUM_SDWAIJTWQX,,,number,,,
NUM_SLSWXYKOBD,,,number,,,
NUM_SOXFJGTNIX,,,number,,,
NUM_SSOBTIMNJD,,,number,,,
NUM_SWTAZQSUPI,,,number,,,
NUM_SYKRIOZGFU,,,number,,,
NUM_TBAONZANUL,,,number,,,
NUM_THXXPLTRDN,,,number,,,
NUM_TKSOBHPGTX,,,number,,,
NUM_TQSYWCNCLG,,,number,,,
NUM_TVDORMCJUZ,,,number,,,
NUM_TYIMBETXSU,,,number,,,
NUM_TZQNTOZSFV,,,number,,,
NUM_UCNWONMLMH,,,number,,,
NUM_UFDRIUQDAR,,,number,,,
NUM_UFZLXHQTRK,,,number,,,
NUM_UIIYYRIEJH,,,number,,,
NUM_ULNUVUMDXQ,,,number,,,
NUM_UNQYGVWNVL,,,number,,,
NUM_URUHUYJWJE,,,number,,,
NUM_UTVHVAWHWI,,,number,,,
NUM_UYDYUZEMJH,,,number,,,
NUM_VBMIZPMPFP,,,number,,,
NUM_VEWYSWLPUZ,,,number,,,
NUM_VJNVTVNXXN,,,number,,,
NUM_VMGTIDCVPQ,,,number,,,
NUM_VPMORHLOTP,,TRUE,number,,,
NUM_VSGLGYFNHS,,TRUE,number,,,
NUM_VVPDONDKUP,,TRUE,number,,,
NUM_VXQZGLCCXW,,TRUE,number,,,
NUM_WAPHURTCNT,,,number,,,
NUM_WDGATSMNBH,,,number,,,
NUM_WHLVTDYXXA,,,number,,,
NUM_WILZUKPBLI,,,number,,,
NUM_WMRGETEGXO,,,number,,,
NUM_WONQSZDLQV,,,number,,,
NUM_WSAANUYOZW,,,number,,,
NUM_WZHNLRWRSN,,,number,,,
NUM_XDZMTKIRRP,,,number,,,
NUM_XGRROEEEJR,,,number,,,
NUM_XKPYSFIJDB,,,number,,,
NUM_XOMWYTZSYZ,,,number,,,
NUM_XRYAUZCECX,,,number,,,
NUM_XTEEDZFKPN,,,number,,,
NUM_XWXKKEKGXX,,,number,,,
NUM_XZEVJWYNKL,,,number,,,
NUM_YCHUDLROGW,,,number,,,
NUM_YIHFMSNJJL,,,number,,,
NUM_YJJLBYYJYF,,,number,,,
NUM_YMNFJWQWIN,,,number,,,
NUM_YPGEJVENHM,,,number,,,
NUM_YRVGOCDBWV,,,number,,,
NUM_YVMSPPGOFA,,,number,,,
NUM_ZBQPXATGDD,,,number,,,
NUM_ZJLEDVYGAI,,,number,,,
NUM_ZMJRSYCMMC,,,number,,,
NUM_ZOVGTQVJND,,,number,,,
NUM_ZSBYNQVNPW,,,number,,,
NUM_ZYCUJIJIWI,,,number,,,
ALMOST_ALL_MISSING_NUM,,,number,,,
CAT_ACTZVPVVWN,,,category,,,
CAT_AGSDIBQFSN,,,category,,,
CAT_AKBLDULQQH,,,category,,,
CAT_AMEBXRYOFX,,,category,,,
CAT_AONLILKRZY,,,category,,,
CAT_ATKFOCCRWX,,,category,,,
CAT_AURLKTDYLS,,,category,,,
CAT_AWFDDEQKIL,,,category,,,
CAT_AYCERZFWSQ,,,category,,,
CAT_BDFKLZOKOE,,,category,,,
CAT_BGJWGKKWXJ,,,category,,,
CAT_BLFZDCVOXP,,,category,,,
CAT_BREQBOZHWB,,,category,,,
CAT_BUEXJQMNIK,,,category,,,
CAT_BXDFJIAKYI,,,category,,,
CAT_BXRWYWLJGE,,,category,,,
CAT_CCHFODRXLI,,,category,,,
CAT_CETRIMMTTC,,,category,,,
CAT_CHYNDCZTYS,,,category,,,
CAT_CKALVLBPID,,,category,,,
CAT_CPZESSKOUW,,,category,,,
CAT_CSSAUGCRGB,,,category,,,
CAT_CVHQOPOMJE,,,category,,,
CAT_CZEPBDNLNH,,,category,,,
CAT_DBDEVMLIDL,,,category,,,
CAT_DEDOSTWAQB,,,category,,,
CAT_DIFILNSMEV,,,category,,,
CAT_DKSMQUYJAQ,,,category,,,
CAT_DOEUIWZVZI,,,category,,,
CAT_DPZZIKMNUD,,,category,,,
CAT_DSYZDPEMCE,,,category,,,
CAT_DUTAJCDYVF,,,category,,,
CAT_EARCKMJCMA,,,category,,,
CAT_EGRPEHEMMA,,,category,,,
CAT_EKOOAJVQQR,,,category,,,
CAT_EOSDXIJTXJ,,,category,,,
CAT_EQLRJSNCKZ,,,category,,,
CAT_EUSGBOLXLS,,,category,,,
CAT_EYHYSBSBYG,,,category,,,
CAT_FDATXLHDLV,,,category,,,
CAT_FHUBJOZCXV,,,category,,,
CAT_FMVKLOCMLQ,,,category,,,
CAT_FSBGXOVYKV,,,category,,,
CAT_FWROAUEPKM,,,category,,,
CAT_GBTKICKFIS,,,category,,,
CAT_GCIIBRCSJJ,,,category,,,
CAT_GFCIXQVXLL,,,category,,,
CAT_GJPAWOQSTG,,,category,,,
CAT_GNLTJBMQXO,,,category,,,
CAT_GPPHZDZCMF,,,category,,,
CAT_GSABPHMJJL,,,category,,,
CAT_GUTYPBFWQT,,,category,,,
CAT_HCMKEUPHEM,,,category,,,
CAT_HFGMHSGDCL,,,category,,,
CAT_HKJZHJKXZR,,,category,,,
CAT_HQOTGQTNIL,,,category,,,
CAT_HTSZXPOPFH,,,category,,,
CAT_HXDKEXMLDH,,,category,,,
CAT_HZFCICNBKF,,,category,,,
CAT_ICHYFEFJAE,,,category,,,
CAT_IFKEQNTQOB,,,category,,,
CAT_IMCLHCRXSM,,,category,,,
CAT_IPDIUAXMZA,,,category,,,
CAT_ITWOUGROYO,,,category,,,
CAT_JANHXFAGTI,,,category,,,
CAT_JGJLSRWOKE,,,category,,,
CAT_JJMUWSGZSW,,,category,,,
CAT_JLDPQMAWJQ,,,category,,,
CAT_JOAVTCCBPA,,,category,,,
CAT_JVKARLZFUD,,,category,,,
CAT_KDQSODVAKJ,,,category,,,
CAT_KHBDTJVXXH,,,category,,,
CAT_KKKGBJQURU,,,category,,,
CAT_KOPCNWBXHB,,,category,,,
CAT_KUHBKZTABF,,,category,,,
CAT_KWYKPLCLDT,,,category,,,
CAT_LBWJVUMUEA,,,category,,,
CAT_LFGTEJIXDB,,,category,,,
CAT_LIKLCDUTPC,,,category,,,
CAT_LKETKCTXVG,,,category,,,
CAT_LNDYNJTVPT,,,category,,,
CAT_LRIKOECWJG,,,category,,,
CAT_LUYKANMEYD,,,category,,,
CAT_LZBDRDIWYU,,,category,,,
CAT_MDBTBVRNVT,,,category,,,
CAT_MIIANVCKVO,,,category,,,
CAT_MLUQNRJMCH,,,category,,,
CAT_MSVNWLWPOY,,,category,,,
CAT_MYTNCEJTQC,,,category,,,
CAT_NCPUJHWCXC,,,category,,,
CAT_NIQSWJGKSQ,,,category,,,
CAT_NKJPWEGQUD,,,category,,,
CAT_NNXSVEGWLL,,,category,,,
CAT_NPGFZZBXNV,,,category,,,
CAT_NUFPLBHAJJ,,,category,,,
CAT_NWXPZUVXWV,,,category,,,
CAT_OAMZNIRRBR,,,category,,,
CAT_OGQRTNFDZA,,,category,,,
CAT_OLMDLWSXRK,,,category,,,
CAT_ONOKMHIIIX,,,category,,,
CAT_OQBIREXRES,,,category,,,
CAT_OTSAFCEAYT,,,category,,,
CAT_OYDIUGGEFZ,,,category,,,
CAT_PDPANOZPTE,,,category,,,
CAT_PKANLXTSGU,,,category,,,
CAT_PMYZZUEREY,,,category,,,
CAT_PRMFIREFNL,,,category,,,
CAT_PTVAGWOOPG,,,category,,,
CAT_PZDBQNOUUT,,,category,,,
CAT_QBMAUSXGYQ,,,category,,,
CAT_QFXJJIPFRO,,,category,,,
CAT_QJTKVUYJZF,,,category,,,
CAT_QOJVLCKKPT,,,category,,,
CAT_QQRIYQHNQF,,,category,,,
CAT_QTGPSDXAYL,,,category,,,
CAT_QVVGOMHBLQ,,,category,,,
CAT_QZUDHZAKOM,,,category,,,
CAT_RCVVPOUGOT,,,category,,,
CAT_RITSZGHIYY,,,category,,,
CAT_RLOJEBNIKF,,,category,,,
CAT_RNSZRVUQHK,,,category,,,
CAT_RQIUOFYFBN,,,category,,,
CAT_RVLRWDBAAB,,,category,,,
CAT_SAKIIHMKGB,,,category,,,
CAT_SDPEEXCFJT,,,category,,,
CAT_SLGMGERRRD,,,category,,,
CAT_SQFSGITPDI,,,category,,,
CAT_SSGTDKWCBK,,,category,,,
CAT_SWXWHQDMYH,,,category,,,
CAT_SZMDDHXOPK,,,category,,,
CAT_TFRCUONYFW,,TRUE,category,,,
CAT_TLMJPILLSR,,TRUE,category,,,
CAT_TOQUKMPBMI,,TRUE,category,,,
CAT_TTLBOSXZBZ,,TRUE,category,,,
CAT_TWFPBMIJHM,,TRUE,category,,,
CAT_TYTTMTQDCI,,TRUE,category,,,
CAT_UCETLHDKXZ,,,category,,,
CAT_UFESCZOZJV,,,category,,,
CAT_UGWDDLNCPI,,,category,,,
CAT_UKRAGAADYL,,,category,,,
CAT_UNQQQQJYMO,,,category,,,
CAT_URPENZSWEE,,,category,,,
CAT_UXGCNWKRPZ,,,category,,,
CAT_VCZNOJKONT,,,category,,,
CAT_VIHMZZQUTV,,,category,,,
CAT_VLRSFDONYJ,,,category,,,
CAT_VONAKRDJZE,,,category,,,
CAT_VSHTXQYCNT,,,category,,,
CAT_VZFSTRGRLT,,,category,,,
CAT_WGRPOUZKZI,,,category,,,
CAT_WMGXOBOHOU,,,category,,,
CAT_WQGJKIHTHD,,,category,,,
CAT_WTNAYIMTQA,,,category,,,
CAT_WXAHQZKMZI,,,category,,,
CAT_WYEZMMETAZ,,,category,,,
CAT_XCOTJADETU,,,category,,,
CAT_XFEJWUEUYX,,,category,,,
CAT_XHMGCDKOXQ,,,category,,,
CAT_XLHIKJHVVR,,,category,,,
CAT_XONSZGUGXN,,,category,,,
CAT_XQVEESSASB,,,category,,,
CAT_XTGWTLULFX,,,category,,,
CAT_XYWXBCPCTT,,,category,,,
CAT_YCFKEULWSQ,,,category,,,
CAT_YEIWJXSPHZ,,,category,,,
CAT_YLLVDSOSFO,,,category,,,
CAT_YQFARRUPSD,,,category,,,
CAT_YRXSQTAWEO,,,category,,,
CAT_YXBXDNKHVO,,,category,,,
CAT_ZBZEBSXFTC,,,category,,,
CAT_ZELHLNKNIE,,,category,,,
CAT_ZIHUATBJOZ,,,category,,,
CAT_ZLJRUKLTOU,,,category,,,
CAT_ZNSIOTBMMK,,,category,,,
CAT_ZSPOJMZQSM,,,category,,,
CAT_ZVLAGTVSLG,,,category,,,
CAT_ZYNNXYRBUE,,,category,,,
DATE_AHPSRXOTHI,,,date,,,
DATE_BDMFJEXXQD,,,date,,,
DATE_BRSFLJZSHS,,,date,,,
DATE_CQRSJYGJND,,,date,,,
DATE_CXYWTYTFTY,,,date,,,
DATE_DVAKRMOALL,,,date,,,
DATE_EFVTRKUDLZ,,,date,,,
DATE_FICTKHFADY,,,date,,,
DATE_FSOQMTFGLQ,,,date,,,
DATE_GGCWWMPBEH,,,date,,,
DATE_GUNLPWQPVW,,,date,,,
DATE_HJQXDKBBGZ,,,date,,,
DATE_HZZAGUTOXR,,,date,,,
DATE_IKMRKCQXGU,,TRUE,date,,,
DATE_IYOBKFIUQG,,TRUE,date,,,
DATE_JLWRLYUDMA,,TRUE,date,,,
DATE_JRJCOJLBBM,,,date,,,
DATE_KJCDTKWXEL,,,date,,,
DATE_LCWSQTRGSL,,,date,,,
DATE_LUVYYPWOCV,,,date,,,
DATE_MOCMDFHRQJ,,,date,,,
DATE_MZZSYSERXZ,,,date,,,
DATE_NFNAQMNVGP,,,date,,,
DATE_NRZXGZNSMG,,,date,,,
DATE_OFVOEXVVBS,,,date,,,
DATE_OJKAQMTBDM,,,date,,,
DATE_PCZTOAPNEB,,,date,,,
DATE_PICDQCWVUA,,,date,,,
DATE_PXDXFGRZBN,,,date,,,
DATE_QOSQJUGKVG,,,date,,,
DATE_REOFZURVAN,,,date,,,
DATE_RNDHDWMJEI,,,date,,,
DATE_RTTDYFHJIW,,,date,,,
DATE_SROZBUAFMB,,,date,,,
DATE_SWFTJMJBBG,,,date,,,
DATE_TSDXNUJNAO,,,date,,,
DATE_UHQWUHCPBG,,,date,,,
DATE_UZNJHYPICV,,,date,,,
DATE_VUKFHFIBUL,,,date,,,
DATE_WHWHNACBCA,,,date,,,
DATE_WZDNDGRLRY,,,date,,,
DATE_XQLCEBFGDO,,,date,,,
DATE_YGKNWVACZD,,,date,,,
DATE_YQSPJPCAOM,,,date,,,
DATE_ZVFNLVZXOI,,,date,,,
NUM_AGFTPCRHPP,,,number,,,
NUM_ALMJNXFLKH,,,number,,,
NUM_ATIAMAQCZB,,,number,,,
NUM_AZBOXJGLWR,,,number,,,
NUM_BDVIWCSELR,,,number,,,
NUM_BFKJOTUMIY,,,number,,,
NUM_BHJGLXWSRQ,,,number,,,
NUM_BLCQFXXMPE,,,number,,,
NUM_BMUXPYHMHV,,,number,,,
NUM_BPCEKPELZX,,,number,,,
NUM_BTNRVSCJTN,,,number,,,
NUM_BXLTNMTNOG,,,number,,,
NUM_CCIOUOEOFF,,,number,,,
NUM_CIYLIZGFOU,,,number,,,
NUM_CLSHUPEFOM,,,number,,,
NUM_CRJGBKHMLW,,,number,,,
NUM_CTTCWIWBUQ,,,number,,,
NUM_CWRVVNLFBR,,,number,,,
NUM_CYQVDDORHA,,,number,,,
NUM_DBALURWQJU,,,number,,,
NUM_DDULHKJZOM,,,number,,,
NUM_DJTZNJBGXP,,,number,,,
NUM_DOYIXILSPJ,,,number,,,
NUM_DTIMKQIQYL,,,number,,,
NUM_DWMESTCUYQ,,,number,,,
NUM_EDHUTXUPSP,,,number,,,
NUM_EIHMUKLPSK,,,number,,,
NUM_EONUMUSTEI,,,number,,,
NUM_ESPQBRQBTH,,,number,,,
NUM_EUOAHXTFYM,,,number,,,
NUM_EWAMVTFCVY,,,number,,,
NUM_FDUKQREIVH,,,number,,,
NUM_FGBZYGPFDW,,,number,,,
NUM_FLBGNTKXIG,,,number,,,
NUM_FOZZZQGXJQ,,,number,,,
NUM_FQPVOCDLTA,,,number,,,
NUM_FVKJQYVEHE,,,number,,,
NUM_FYCABCNEYY,,,number,,,
NUM_GCNJMYNEWH,,,number,,,
NUM_GDVEMVNVPP,,,number,,,
NUM_GGJDTLHLHC,,,number,,,
NUM_GIERJCHNPB,,,number,,,
NUM_GNRIMTEDUY,,,number,,,
NUM_GPTYIUNWYI,,,number,,,
NUM_GSWZPKYATU,,,number,,,
NUM_GWUIEBZNDW,,,number,,,
NUM_HAAKKDANZB,,,number,,,
NUM_HDQPGBXXLW,,,number,,,
NUM_HGQZDGUYPU,,,number,,,
NUM_HKHGUCCDFA,,,number,,,
NUM_HPYXAAPSZN,,,number,,,
NUM_HUTPVUOBFY,,,number,,,
NUM_HWQWGLYYRJ,,,number,,,
NUM_ICZQWKONVV,,,number,,,
NUM_IFQYJVNRTJ,,,number,,,
NUM_IHYQBVASMX,,,number,,,
NUM_ILJFFKHMJM,,,number,,,
NUM_ITUUQCGHVT,,,number,,,
NUM_IXAPDTRUQZ,,,number,,,
NUM_JBUQMHDIRB,,,number,,,
NUM_JFKPKXTJMK,,,number,,,
NUM_JLDPMWMXFH,,,number,,,
NUM_JNXCAVLVHE,,,number,,,
NUM_JQDOMRLIUY,,,number,,,
NUM_JVUCGXHNEC,,,number,,,
NUM_JZPRTQPWEC,,,number,,,
NUM_KFCJWIIILI,,,number,,,
NUM_KKICVRWVUH,,,number,,,
NUM_KNTIRUAUKU,,,number,,,
NUM_KQYFPVYWOG,,,number,,,
NUM_KSUPZTOWIF,,,number,,,
NUM_KYSIOWMHEW,,,number,,,
NUM_LCRRJDYZWW,,,number,,,
NUM_LFNAQVPVES,,,number,,,
NUM_LJOPFHKYOZ,,,number,,,
NUM_LNYSGJOBZS,,,number,,,
NUM_LSOXAVGVXI,,,number,,,
NUM_LXGIDPWQWS,,,number,,,
NUM_LZXCBPFGAQ,,,number,,,
NUM_MDTLZMFUYX,,,number,,,
NUM_MJLCEQZVLQ,,,number,,,
NUM_MOEHMXVMSH,,,number,,,
NUM_MPVSFIZRGP,,,number,,,
NUM_MSWHODGRUE,,TRUE,number,,,
NUM_MVPPKPVYFH,,TRUE,number,,,
NUM_NAAXPLASRH,,TRUE,number,,,
NUM_NDJOAWFXYV,,TRUE,number,,,
NUM_NHHLGKYPHI,,TRUE,number,,,
NUM_NJGDFZMNLO,,TRUE,number,,,
NUM_NPQTSGOGCA,,TRUE,number,,,
NUM_NVPJKXNPMC,,,number,,,
NUM_NYNYMBTHXD,,,number,,,
NUM_ODAMUWSEHL,,,number,,,
NUM_OEAVZDQCCQ,,,number,,,
NUM_OFWIZGDFRL,,,number,,,
NUM_OJIWTAKEHS,,,number,,,
NUM_OMVNIFPDTW,,,number,,,
NUM_OOVWODGZQG,,,number,,,
NUM_OQSXOMUQDK,,,number,,,
NUM_OXDSEAZUYV,,,number,,,
NUM_OZWREVUTHL,,,number,,,
NUM_PFRYBXYLNM,,,number,,,
NUM_PKIONIREYG,,,number,,,
NUM_POIZHUDVJH,,,number,,,
NUM_PUQWFLWINR,,,number,,,
NUM_PZGVGYUSSE,,,number,,,
NUM_QEUECSDBRX,,,number,,,
NUM_QHIQANOMXI,,,number,,,
NUM_QJQPRSJVHD,,,number,,,
NUM_QONQUVGDGS,,,number,,,
NUM_QRVUINZFZW,,,number,,,
NUM_QWLBXKSVTS,,,number,,,
NUM_RASWNAIDRD,,,number,,,
NUM_RHFDHICFZR,,,number,,,
NUM_RLHSRYCCNP,,,number,,,
NUM_RPBHGZBFMU,,,number,,,
NUM_RUSRMQNJGU,,,number,,,
NUM_RWQTDHEVAV,,,number,,,
NUM_RYWBKXADNR,,,number,,,
NUM_SGEGGGYVTW,,,number,,,
NUM_SMEPYXWRZG,,,number,,,
NUM_SPIEGVFHAL,,,number,,,
NUM_STIFMULYIQ,,,number,,,
NUM_SXANODPIPR,,,number,,,
NUM_SZBYHILWXQ,,,number,,,
NUM_TBHBTQXMIV,,,number,,,
NUM_TINSEZGGVJ,,,number,,,
NUM_TKZRGRGPNJ,,,number,,,
NUM_TQXCJBOOHB,,,number,,,
NUM_TVJJARQXWA,,,number,,,
NUM_TYMGCHYCAO,,,number,,,
NUM_TZUINWPPLD,,,number,,,
NUM_UCOLZQGAET,,,number,,,
NUM_UFPQZATQDW,,,number,,,
NUM_UGAZYWYKFO,,,number,,,
NUM_UJBHZNYWUO,,,number,,,
NUM_UMGUIQIZUP,,,number,,,
NUM_UNYQGHUTQU,,,number,,,
NUM_USBUUWYNNJ,,,number,,,
NUM_UULHDEIZYK,,,number,,,
NUM_UYRGXDUOIG,,,number,,,
NUM_VCGEZDGJHI,,,number,,,
NUM_VHDXHSFFJQ,,,number,,,
NUM_VKEUUPRQMR,,,number,,,
NUM_VNESPUJGLS,,,number,,,
NUM_VQKKQSIIKY,,,number,,,
NUM_VTPGXGJZZV,,,number,,,
NUM_VVUABHUHBU,,,number,,,
NUM_VYASCYWYEW,,,number,,,
NUM_WAZZKXQXZI,,,number,,,
NUM_WEWXRZKORX,,,number,,,
NUM_WHSNDXHLKJ,,,number,,,
NUM_WISJCAVOVG,,,number,,,
NUM_WMTHYXWVKK,,,number,,,
NUM_WPFFKJLWIX,,,number,,,
NUM_WSWQLJESCQ,,,number,,,
NUM_XAAWMFODLM,,,number,,,
NUM_XFENGHYUDG,,,number,,,
NUM_XHPHZLXMRQ,,,number,,,
NUM_XKUIWSBRBC,,,number,,,
NUM_XOZSCBATAI,,,number,,,
NUM_XSKIGMFYYA,,,number,,,
NUM_XTTNBXEZWQ,,,number,,,
NUM_XXEHVXTSMJ,,,number,,,
NUM_XZNJNUCQTF,,,number,,,
NUM_YDOOQFOMZZ,,,number,,,
NUM_YIHNVJFRKY,,,number,,,
NUM_YKRYRDDDII,,,number,,,
NUM_YMUARLMROK,,,number,,,
NUM_YPVJKYRRGL,,,number,,,
NUM_YSZDIRCIFM,,,number,,,
NUM_YWVGWDFNGO,,,number,,,
NUM_ZDCUHHVOJD,,,number,,,
NUM_ZJTIFIVHZC,,,number,,,
NUM_ZNLQIEOZOR,,,number,,,
NUM_ZPKCIKDNWX,,,number,,,
NUM_ZSSDYMZMZJ,,,number,,,
TARGET,,,category,,,
CAT_ABILPHNUWM,,,category,,,
CAT_ADXKPFNBAB,,,category,,,
CAT_AHFSCATOIG,,,category,,,
CAT_ALFBJHSYEU,,,category,,,
CAT_ANSVZRAFGU,,,category,,,
CAT_ARYNWDWIQK,,,category,,,
CAT_AUBMJKYACA,,,category,,,
CAT_AVIFOJXERR,,,category,,,
CAT_AWTIRGILGX,,,category,,,
CAT_AYPUJARZTU,,,category,,,
CAT_BELLZCEIPG,,,category,,,
CAT_BIFQNHRBPN,,,category,,,
CAT_BPBOYCYRFH,,,category,,,
CAT_BSHTIBGESU,,,category,,,
CAT_BVKQMPYJED,,,category,,,
CAT_BXOUFMYQBG,,,category,,,
CAT_CAEBEROJYQ,,,category,,,
CAT_CDUDVRWFTK,,,category,,,
CAT_CFXYBDNZRZ,,,category,,,
CAT_CILDMFSSNQ,,,category,,,
CAT_CNQSKHFUTS,,,category,,,
CAT_CRDDOBKPDM,,,category,,,
CAT_CTDBNIMNJA,,,category,,,
CAT_CWLHVQRBTU,,,category,,,
CAT_DAOHTBRUEZ,,,category,,,
CAT_DBYAFLBWMA,,,category,,,
CAT_DGDQFZVLRR,,,category,,,
CAT_DJZSEOPKXV,,,category,,,
CAT_DLTUJPGXTQ,,,category,,,
CAT_DOQDNDVMXP,,,category,,,
CAT_DQSIGYBLUB,,,category,,,
CAT_DTUXNAFKZX,,,category,,,
CAT_DXLAKUIZVX,,,category,,,
CAT_ECNHIEMEFH,,,category,,,
CAT_EJBTNFWQCI,,,category,,,
CAT_EMFYKWQWLI,,,category,,,
CAT_EPPPRDRTDL,,,category,,,
CAT_ERNGMOXLAG,,,category,,,
CAT_EWCUZZGMCT,,,category,,,
CAT_EZMBLEZLPH,,,category,,,
CAT_FEEDIMIIOF,,,category,,,
CAT_FJPULZYASS,,,category,,,
CAT_FOJNAJIIPG,,,category,,,
CAT_FUUYPHAILM,,,category,,,
CAT_FWVBAMSICB,,,category,,,
CAT_GCBIEAJSCB,,,category,,,
CAT_GEEWLSOKCI,,,category,,,
CAT_GHBGDLFQFX,,,category,,,
CAT_GLUUOVUOXL,,,category,,,
CAT_GNWAGSXEBV,,,category,,,
CAT_GQFIWSOWPR,,,category,,,
CAT_GSPFDXZMNE,,,category,,,
CAT_GYYCPELZWV,,,category,,,
CAT_HDCURFQGYX,,,category,,,
CAT_HHWQHQCJJE,,,category,,,
CAT_HNGURYIZPX,,,category,,,
CAT_HSNOLQZFXS,,,category,,,
CAT_HUDLUGDFCN,,,category,,,
CAT_HYSQIUZDRY,,,category,,,
CAT_IANDPYSSNA,,,category,,,
CAT_ICTDVMIGZB,,,category,,,
CAT_IIMAJECTXR,,,category,,,
CAT_IMUASZEKWH,,,category,,,
CAT_IPKRHWAPYY,,,category,,,
CAT_IVQTIJCUYQ,,,category,,,
CAT_JBAIJALXUN,,,category,,,
CAT_JHBUVVBRSH,,,category,,,
CAT_JKMXCNOPXD,,,category,,,
CAT_JLITFWJMOR,,,category,,,
CAT_JPPQDDMPPZ,,,category,,,
CAT_JXFMFMLSZS,,,category,,,
CAT_KFBSHVPDHV,,,category,,,
CAT_KKCJWTKDWS,,,category,,,
CAT_KNDWNBHHMT,,,category,,,
CAT_KSVMONLZSH,,,category,,,
CAT_KVGCWNQOKQ,,,category,,,
CAT_LABNGQWPGG,,,category,,,
CAT_LCKPZDOKSI,,,category,,,
CAT_LHDNMRFRVF,,,category,,,
CAT_LJAZNMQUPT,,,category,,,
CAT_LLBMEBQADT,,,category,,,
CAT_LOKSFTFNKV,,,category,,,
CAT_LTGKBMUARX,,,category,,,
CAT_LXJUBIZHBH,,,category,,,
CAT_MASARKLOCK,,,category,,,
CAT_MFKESEGPXM,,,category,,,
CAT_MIRDHBBULF,,,category,,,
CAT_MMMAVGPJSB,,,category,,,
CAT_MWWYJHTTJU,,,category,,,
CAT_NADKVNSYIO,,,category,,,
CAT_NFIUFNTTRX,,,category,,,
CAT_NJISVDTLAG,,,category,,,
CAT_NMPKOEOVYX,,,category,,,
CAT_NOLUOZNVOH,,,category,,,
CAT_NPTJSSEAOE,,,category,,,
CAT_NUXVGSTRDX,,,category,,,
CAT_NYMRHEZRUV,,,category,,,
CAT_OEEGVOWSYO,,,category,,,
CAT_OIJKWUSOGV,,,category,,,
CAT_OMSZWMBFVW,,,category,,,
CAT_OOOUWWWDCK,,,category,,,
CAT_ORMNIDXJBZ,,,category,,,
CAT_OULJDNGSWJ,,,category,,,
CAT_OZQMGAKFME,,,category,,,
CAT_PGFIPZYQPO,,,category,,,
CAT_PKWMQVKAHL,,,category,,,
CAT_POJRBEXFEZ,,,category,,,
CAT_PSIRKAAZTI,,,category,,,
CAT_PVSHNFXAKT,,,category,,,
CAT_PZRTTROKTW,,TRUE,category,,,
CAT_QCSDNSGNNB,,TRUE,category,,,
CAT_QHQFPUKGRV,,TRUE,category,,,
CAT_QKVLREOIUP,,TRUE,category,,,
CAT_QOUTONRHWP,,TRUE,category,,,
CAT_QRIFWXDEIS,,TRUE,category,,,
CAT_QTMGCEUKYT,,,category,,,
CAT_QYNKGQFQUS,,,category,,,
CAT_RBCBVUHHEX,,,category,,,
CAT_RFRCAUJLHF,,,category,,,
CAT_RJZVKKWROS,,,category,,,
CAT_RLWJDUDYJX,,,category,,,
CAT_RPAKZGFNJC,,,category,,,
CAT_RREANVWVTD,,,category,,,
CAT_RYXTHYNBQG,,,category,,,
CAT_SBRDIFNXBY,,,category,,,
CAT_SGBIUFVKFF,,,category,,,
CAT_SMIPZFDQDY,,,category,,,
CAT_SRBUWECAUW,,,category,,,
CAT_SVEGEJFREX,,,category,,,
CAT_SXKRIYXIFE,,,category,,,
CAT_TCSSLCYUZS,,,category,,,
CAT_THFXJRIFAD,,,category,,,
CAT_TMCGBRZWCN,,,category,,,
CAT_TQAOPDYKFI,,,category,,,
CAT_TUCSVXNOKD,,,category,,,
CAT_TYKEGFXPDY,,,category,,,
CAT_UBOBKOXOVR,,,category,,,
CAT_UCPGONUIAD,,,category,,,
CAT_UFRVCANDTN,,,category,,,
CAT_UHHPSBLGJP,,,category,,,
CAT_ULODINQRPG,,,category,,,
CAT_UOYKURCTPQ,,,category,,,
CAT_USFMIGTQQJ,,,category,,,
CAT_UXSCPDSUCM,,,category,,,
CAT_VEVZEFNRJL,,,category,,,
CAT_VJNQIPGZUF,,,category,,,
CAT_VMXOJGNQBI,,,category,,,
CAT_VQMNZHPPDT,,,category,,,
CAT_VUZTGCTBKJ,,,category,,,
CAT_WCDFMNEHGQ,,,category,,,
CAT_WJCCRESEBH,,,category,,,
CAT_WOSDPBGQIS,,,category,,,
CAT_WSHMKWFKBX,,,category,,,
CAT_WWGCBYAJWW,,,category,,,
CAT_WXCBLMCCWI,,,category,,,
CAT_XBINJEUHES,,,category,,,
CAT_XDOYLLLQGW,,,category,,,
CAT_XGDUFGKHWS,,,category,,,
CAT_XJEUXUDRYU,,,category,,,
CAT_XMURDMUDAK,,,category,,,
CAT_XPMFFYUQCN,,,category,,,
CAT_XRUWZVABVW,,,category,,,
CAT_XUTJWANLRJ,,,category,,,
CAT_XZQFBXBTTJ,,,category,,,
CAT_YCSKYZPFWJ,,,category,,,
CAT_YGSUQYJCEY,,,category,,,
CAT_YMBZUPVFDB,,,category,,,
CAT_YRHILUDJAA,,,category,,,
CAT_YVIRLAGHWX,,,category,,,
CAT_YYQUAGZWYX,,,category,,,
CAT_ZDZVWRDKWZ,,,category,,,
CAT_ZHAFBSUVEZ,,,category,,,
CAT_ZJFNNLXXJB,,,category,,,
CAT_ZLVWETFAKX,,,category,,,
CAT_ZPDQSDQQSJ,,,category,,,
CAT_ZTAVGWGDZH,,,category,,,
CAT_ZWRAMDDZQB,,,category,,,
CAT_ZZLHPNSUAI,,,category,,,
DATE_AVJBYARFOW,,,date,,,
DATE_BQGROUEXAE,,,date,,,
DATE_CBLINBWIKQ,,,date,,,
DATE_CUGCEUVLJM,,,date,,,
DATE_DJSXZGLOOO,,,date,,,
DATE_DYSQFLPEPG,,,date,,,
DATE_ELVCCCGXWQ,,,date,,,
DATE_FMAASODSNL,,,date,,,
DATE_FXANKENLPE,,,date,,,
DATE_GKOIAORJOB,,,date,,,
DATE_GYBREENCLA,,,date,,,
DATE_HPZGHANITR,,,date,,,
DATE_IBMITTYXNG,,,date,,,
DATE_IMPYNBSOPM,,,date,,,
DATE_JIFXCARPIP,,,date,,,
DATE_JNGVTZPFGJ,,,date,,,
DATE_JZOYXHHNCT,,,date,,,
DATE_KWOYLPKKSQ,,,date,,,
DATE_LMJCGGAVPL,,TRUE,date,,,
DATE_MDGPYRFYJL,,TRUE,date,,,
DATE_MSINDJCLBA,,TRUE,date,,,
DATE_NCJXQCOICF,,TRUE,date,,,
DATE_NKPUWWYBZB,,TRUE,date,,,
DATE_NYGCPMQUXO,,TRUE,date,,,
DATE_OHFZHIPJWY,,TRUE,date,,,
DATE_OTNWEDUKLH,,TRUE,date,,,
DATE_PEBISOKXJK,,TRUE,date,,,
DATE_PQZYCCJTAZ,,,date,,,
DATE_PZHSWQFOJP,,,date,,,
DATE_QWOOQUIATZ,,,date,,,
DATE_RHEAELNTZX,,,date,,,
DATE_ROPZBMTQSQ,,,date,,,
DATE_SAKUZJOCMF,,,date,,,
DATE_STENPZTZEA,,,date,,,
DATE_THZPPXIEOS,,,date,,,
DATE_UBNCTPZTQK,,,date,,,
DATE_UNMQRBTOXE,,,date,,,
DATE_VCAZRVZTTU,,,date,,,
DATE_VVWJDYDSRX,,,date,,,
DATE_WRYVQBOSFP,,,date,,,
DATE_XFKLKPDLAW,,,date,,,
DATE_XWGRGBWLSB,,,date,,,
DATE_YJUFQADFRW,,,date,,,
DATE_ZCTQQKKSKV,,,date,,,
NUM_ABBRHNNAFO,,,number,,,
NUM_AIKZHHLIWN,,,number,,,
NUM_ANNVHZCUUM,,,number,,,
NUM_AWXCNSBJKZ,,,number,,,
NUM_BBUSZSLKXG,,,number,,,
NUM_BEKJRSISPL,,,number,,,
NUM_BGKEBPUOHU,,,number,,,
NUM_BIZTMWBRSJ,,,number,,,
NUM_BMAZXXDCPX,,,number,,,
NUM_BOJGTJNQHK,,,number,,,
NUM_BRPJTJRBNL,,,number,,,
NUM_BUFSWVJQFL,,,number,,,
NUM_BZKAZNRLZD,,,number,,,
NUM_CDNLCDOIRL,,,number,,,
NUM_CKJRSBJXZG,,,number,,,
NUM_CMMGRSEGNI,,,number,,,
NUM_CSNQWMZTYQ,,,number,,,
NUM_CUCOUXCNHM,,,number,,,
NUM_CXPUPUNQGT,,,number,,,
NUM_DARORWAWDC,,,number,,,
NUM_DCIDGDFGCI,,,number,,,
NUM_DFLUEQFCZM,,,number,,,
NUM_DKWWAPRZWY,,,number,,,
NUM_DSOWGBQKVM,,,number,,,
NUM_DUEQRULZUM,,,number,,,
NUM_DXWGYWLBEE,,,number,,,
NUM_EDXGDKIQUA,,,number,,,
NUM_ELTEGAJDTK,,,number,,,
NUM_EPXDGTUJKK,,,number,,,
NUM_ETVBGUZZJQ,,,number,,,
NUM_EVLGWACTFC,,,number,,,
NUM_EXAUCYHOWS,,,number,,,
NUM_FEUUMYHIEN,,,number,,,
NUM_FIVJVMVNSD,,,number,,,
NUM_FMVWFCOFFV,,,number,,,
NUM_FPDPFZBGWX,,,number,,,
NUM_FSDCNPFZRJ,,,number,,,
NUM_FWDJWDFBUO,,,number,,,
NUM_FZXLNIHWML,,,number,,,
NUM_GCYFFUPXIZ,,,number,,,
NUM_GEDFMLUZAL,,,number,,,
NUM_GGTZXXFHQW,,,number,,,
NUM_GKITHKKUMA,,,number,,,
NUM_GNZQGUTHFD,,,number,,,
NUM_GQGGLNFWDL,,,number,,,
NUM_GTGBXTDQJY,,,number,,,
NUM_GYDHNKFUDC,,,number,,,
NUM_HCDFNIZRHI,,,number,,,
NUM_HEWCCLKUUL,,,number,,,
NUM_HIIEOCBTWI,,,number,,,
NUM_HMPXWMLQKC,,,number,,,
NUM_HRIDWAYOJL,,,number,,,
NUM_HVDYKENWYJ,,,number,,,
NUM_HZGVSZXLFQ,,,number,,,
NUM_IDVKBSRCHO,,,number,,,
NUM_IGEBLFTUPQ,,,number,,,
NUM_IIGFYJPBXS,,,number,,,
NUM_IPJZNUONAC,,,number,,,
NUM_IVQPLLOOAX,,,number,,,
NUM_IYPAJOFSFT,,,number,,,
NUM_JCAUXCWFWM,,,number,,,
NUM_JHLXCGUVNG,,,number,,,
NUM_JLUCNMXZVQ,,,number,,,
NUM_JOTFIPAJMC,,,number,,,
NUM_JSPZHEZWRP,,,number,,,
NUM_JXNYNFEGXH,,,number,,,
NUM_KBHDJHYUQI,,,number,,,
NUM_KHKWIYDEYT,,,number,,,
NUM_KLTUIEGCGF,,,number,,,
NUM_KPAZZFDYSQ,,,number,,,
NUM_KRHERMDEVD,,,number,,,
NUM_KVVXZKBANT,,,number,,,
NUM_KZXYIABNNU,,,number,,,
NUM_LDHWWXHCNU,,,number,,,
NUM_LHLRRUVDDV,,,number,,,
NUM_LJXYGIXTZD,,,number,,,
NUM_LPPNABJBRX,,,number,,,
NUM_LUJLYBJOWZ,,,number,,,
NUM_LZJZEMJYAU,,,number,,,
NUM_MBDGETPMEN,,,number,,,
NUM_MENGTGDTZL,,,number,,,
NUM_MLLYBKGXOR,,,number,,,
NUM_MPQQCSFRKD,,,number,,,
NUM_MRXPTWENZE,,,number,,,
NUM_MTPPHWEUOC,,,number,,,
NUM_MVZXULYAHC,,,number,,,
NUM_NBBOERYQYY,,,number,,,
NUM_NGEPFEOYOR,,,number,,,
NUM_NIEDIKQEEQ,,,number,,,
NUM_NNLZNUYTZF,,,number,,,
NUM_NRKBPZWCOH,,,number,,,
NUM_NWRSDGWVWV,,,number,,,
NUM_OBIYBWIKYA,,,number,,,
NUM_ODDCPHBRKT,,,number,,,
NUM_OEUBVDCODZ,,,number,,,
NUM_OGXWMATDLM,,,number,,,
NUM_OKTLAEMZFL,,,number,,,
NUM_OMYDNBGWPP,,,number,,,
NUM_OPRGTIRZKE,,,number,,,
NUM_OWFHBLLTVZ,,,number,,,
NUM_OYEPHILZPN,,,number,,,
NUM_PANKPEWTLK,,,number,,,
NUM_PIVEKXWLTP,,,number,,,
NUM_PLGLAFCDMF,,,number,,,
NUM_PQDZKEZZID,,,number,,,
NUM_PUUNEARZGR,,,number,,,
NUM_PZYGJCPIGU,,,number,,,
NUM_QFCUWKVHUT,,,number,,,
NUM_QIJAZROCAS,,,number,,,
NUM_QLPPHKBRWN,,,number,,,
NUM_QPBSTINWVU,,,number,,,
NUM_QUKHMDTTFC,,,number,,,
NUM_QXNGYSVOOY,,,number,,,
NUM_RESFFTKXOC,,,number,,,
NUM_RHVJNAFFHJ,,,number,,,
NUM_ROLPFZHQVB,,,number,,,
NUM_RRNQJKDHCC,,,number,,,
NUM_RVNWJGMRRB,,,number,,,
NUM_RXFELNYGXP,,,number,,,
NUM_SCVMUPQISS,,,number,,,
NUM_SICFBRRQSM,,,number,,,
NUM_SNJSYJBPZW,,,number,,,
NUM_SSJCKRVROE,,,number,,,
NUM_SWIPLJAONL,,,number,,,
NUM_SXUNVHCJKB,,,number,,,
NUM_TAQRYDEZNG,,,number,,,
NUM_TFJGXGHBGI,,,number,,,
NUM_TKFNXDBRNJ,,,number,,,
NUM_TOFIQFTHVX,,,number,,,
NUM_TUFTBARMUK,,,number,,,
NUM_TXUXPERNJO,,,number,,,
NUM_TZCWFMZBBS,,,number,,,
NUM_UBQFHFJDQK,,,number,,,
NUM_UDUFCLFLWM,,,number,,,
NUM_UFYWWZDSSD,,,number,,,
NUM_UGYFZDOZGK,,,number,,,
NUM_UKPZSDQWEN,,,number,,,
NUM_UNLPXHUTBT,,,number,,,
NUM_UQNZOSMBYO,,,number,,,
NUM_USZYNFGBZG,,,number,,,
NUM_UVLNUHBKVR,,TRUE,number,,,
NUM_UZRIYSKZPB,,TRUE,number,,,
NUM_VELDTJJWBW,,TRUE,number,,,
NUM_VIOOUXHTYH,,TRUE,number,,,
NUM_VLZBRRAIQR,,,number,,,
NUM_VPGYSLTJTI,,,number,,,
NUM_VRRFFTQSSR,,,number,,,
NUM_VVHDLZQGXJ,,,number,,,
NUM_VWJBNMVLGU,,,number,,,
NUM_WAHSPUJZRV,,,number,,,
NUM_WBNGBRKJVL,,,number,,,
NUM_WFJRBQOZHV,,,number,,,
NUM_WIBRHCMJZW,,,number,,,
NUM_WLYUYMSRCP,,,number,,,
NUM_WNXRBZNNYL,,,number,,,
NUM_WQKICXIAHB,,,number,,,
NUM_WXWFFWELXD,,,number,,,
NUM_XBIMXNTGED,,,number,,,
NUM_XGAEABNFLY,,,number,,,
NUM_XJAGEBGTJG,,,number,,,
NUM_XLUVWZMXFY,,,number,,,
NUM_XQXKTDDRKU,,,number,,,
NUM_XSWVCRRZJB,,,number,,,
NUM_XUKPYXBEUZ,,,number,,,
NUM_XYJFQGTFJR,,,number,,,
NUM_YAMILZAJMG,,,number,,,
NUM_YGXVWOFSOP,,,number,,,
NUM_YIOEEOPJPR,,,number,,,
NUM_YLTJTSIOWT,,,number,,,
NUM_YPCOVDYQTY,,,number,,,
NUM_YRCDMGKHBA,,,number,,,
NUM_YUIZLZCHKC,,,number,,,
NUM_YYGXKDOYTZ,,,number,,,
NUM_ZGBWQWCAWQ,,,number,,,
NUM_ZKXABLLAOP,,,number,,,
NUM_ZOUKDJEXSG,,,number,,,
NUM_ZQYZLHSQHF,,,number,,,
NUM_ZTFFJKLZIP,,,number,,,
weight,,,number,,,
CAT_ABLYBFILYV,,,category,,,
CAT_ADDIUDSJYY,,,category,,,
CAT_AGTHCNTUFK,,,category,,,
CAT_ALEHRYOFYX,,,category,,,
CAT_AMQNAAFTVQ,,,category,,,
CAT_AOSICAROEX,,,category,,,
CAT_ATZUIVNOCA,,,category,,,
CAT_AUTRTNJBHG,,,category,,,
CAT_AWMQOMXPVY,,,category,,,
CAT_AYOSVNTTEI,,,category,,,
CAT_BEDYDZKXJM,,,category,,,
CAT_BIDCEXSKLZ,,,category,,,
CAT_BMAWHVMFNZ,,,category,,,
CAT_BRGJHLWZAL,,,category,,,
CAT_BUOOCKXCGA,,,category,,,
CAT_BXIXXGSZJZ,,,category,,,
CAT_BYCIYYOFGG,,,category,,,
CAT_CCKYCUMMEI,,,category,,,
CAT_CFSISNEEDW,,,category,,,
CAT_CIKSCLGQEH,,,category,,,
CAT_CKZWSJKOIX,,,category,,,
CAT_CPZUYJYAUA,,,category,,,
CAT_CTCOPESKMV,,,category,,,
CAT_CWBTYHOXXI,,,category,,,
CAT_CZJEZSXUAI,,,category,,,
CAT_DBIHAXGHTQ,,,category,,,
CAT_DFVRMPWUCQ,,,category,,,
CAT_DIHIVWVOHM,,,category,,,
CAT_DKWATZBLBA,,,category,,,
CAT_DOJCWGQJGQ,,,category,,,
CAT_DQQIDRWFMS,,,category,,,
CAT_DTRXCULIWF,,,category,,,
CAT_DWPPLQLGNM,,,category,,,
CAT_EBICDMPRHV,,,category,,,
CAT_EIVOJAIHJH,,,category,,,
CAT_EKWXBVWPLL,,,category,,,
CAT_EPAVKBXELZ,,,category,,,
CAT_ERKGVWKPEW,,,category,,,
CAT_EVSJNDPJHI,,,category,,,
CAT_EYRFTMQNAO,,,category,,,
CAT_FDCAFVTKCR,,,category,,,
CAT_FJNUBXGUNV,,,category,,,
CAT_FOBLDTGFCY,,,category,,,
CAT_FUUMOBIOKE,,,category,,,
CAT_FWTUVKYZBB,,,category,,,
CAT_GBXMAYMTFN,,,category,,,
CAT_GDKSTFIRMR,,,category,,,
CAT_GFFNVYYAAN,,,category,,,
CAT_GLTNDUPNQN,,,category,,,
CAT_GNUJMWMZRA,,,category,,,
CAT_GPQUBYTILK,,,category,,,
CAT_GSKABBBLUJ,,,category,,,
CAT_GVPHKKOOWA,,,category,,,
CAT_HCQGUMZTQT,,,category,,,
CAT_HHEYCEHRMM,,,category,,,
CAT_HMNXMTBFHF,,,category,,,
CAT_HRQQVWHPEN,,,category,,,
CAT_HUBNBADSEY,,,category,,,
CAT_HXSZTAXFEK,,,category,,,
CAT_IAGHVZQGSF,,,category,,,
CAT_ICROAWZCGI,,,category,,,
CAT_IHHPPCUUHZ,,,category,,,
CAT_IMJPLRBTKR,,,category,,,
CAT_IPGCFZHLAI,,,category,,,
CAT_IVHYXFNSOM,,,category,,,
CAT_JAZBTWHXEG,,,category,,,
CAT_JGZJUFVTOV,,,category,,,
CAT_JJMZGUUNSU,,,category,,,
CAT_JLFKFFXDSY,,,category,,,
CAT_JPOQWDBKKI,,,category,,,
CAT_JVOATIVTLF,,,category,,,
CAT_KEXPZOSQKP,,,category,,,
CAT_KHLGKRPXJS,,,category,,,
CAT_KLXBFWNTRO,,,category,,,
CAT_KRJSTGCVPA,,,category,,,
CAT_KUOIKZUZXB,,,category,,,
CAT_KZBMWWCYRK,,,category,,,
CAT_LCEHBZQIHS,,,category,,,
CAT_LGPJHCHNCJ,,,category,,,
CAT_LIZKXTYOZW,,,category,,,
CAT_LKXCDZFJOK,,,category,,,
CAT_LOAAIPXFOO,,,category,,,
CAT_LRJZWFYGBD,,,category,,,
CAT_LXGOWHVHBS,,,category,,,
CAT_MAISUDXRSN,,,category,,,
CAT_MFJFOYVMLF,,,category,,,
CAT_MIOXCUUTQW,,,category,,,
CAT_MMKXXJSGGV,,,category,,,
CAT_MVWOHJQFYV,,,category,,,
CAT_MZXJQHPVUL,,,category,,,
CAT_NDJLIYDZXI,,,category,,,
CAT_NJCUCSBHGD,,,category,,,
CAT_NKVQBEJVVW,,,category,,,
CAT_NOEZSPBSWS,,,category,,,
CAT_NPOPRSOERB,,,category,,,
CAT_NUKTKDZCLD,,,category,,,
CAT_NXHGPQVPMW,,,category,,,
CAT_OATODEUXGL,,,category,,,
CAT_OIGADZOKHL,,,category,,,
CAT_OMNWIFNMIY,,,category,,,
CAT_ONSBZPIGKY,,,category,,,
CAT_ORLBYEJKNI,,,category,,,
CAT_OUGRJDOZQW,,,category,,,
CAT_OYWFTHATFK,,,category,,,
CAT_PFJVJTWPUE,,,category,,,
CAT_PKIDZHWVRL,,,category,,,
CAT_POFPBVSHEU,,,category,,,
CAT_PSAVYNXABW,,,category,,,
CAT_PURRIMFLFQ,,,category,,,
CAT_PZEWGMDMSW,,,category,,,
CAT_QBQJFICAKR,,,category,,,
CAT_QGEIRFNYPM,,,category,,,
CAT_QKCJJVNGCQ,,,category,,,
CAT_QORPOKBFOW,,,category,,,
CAT_QQXFCJREJQ,,,category,,,
CAT_QTJBLCUNLH,,,category,,,
CAT_QWFLITMKWF,,,category,,,
CAT_RAOJHYFIOX,,,category,,,
CAT_RDYUKWDJCN,,,category,,,
CAT_RJUFLLCAVE,,,category,,,
CAT_RLPMDPMBLT,,,category,,,
CAT_RODUQIEMZZ,,,category,,,
CAT_RQUNFTJCHY,,,category,,,
CAT_RXNKEFZQKJ,,,category,,,
CAT_SATCVURUDY,,,category,,,
CAT_SFTSIBUPHV,,,category,,,
CAT_SMGNVOZWUC,,,category,,,
CAT_SQZSZTCMCM,,,category,,,
CAT_SSZPFGMVAY,,TRUE,category,,,
CAT_SXJAXIXOST,,TRUE,category,,,
CAT_TAWVANDDJD,,TRUE,category,,,
CAT_TGYYPGDUXX,,TRUE,category,,,
CAT_TMAJTXAAFJ,,TRUE,category,,,
CAT_TPJXUYIEXQ,,TRUE,category,,,
CAT_TTOFUWDGAI,,TRUE,category,,,
CAT_TXNRTKNTWZ,,TRUE,category,,,
CAT_TZOHFMFITL,,TRUE,category,,,
CAT_UCOJZVBRME,,TRUE,category,,,
CAT_UFRKDHYYIG,,TRUE,category,,,
CAT_UGYKFGRQTL,,,category,,,
CAT_UKTODTJTNJ,,,category,,,
CAT_UOHECPEWTF,,,category,,,
CAT_URRTPWMKSB,,,category,,,
CAT_UXJIUCWXBW,,,category,,,
CAT_VEMKLALHYZ,,,category,,,
CAT_VIIWZAIOBN,,,category,,,
CAT_VMQMTWJCNT,,,category,,,
CAT_VOSPXYXXJX,,,category,,,
CAT_VURRTVNXRV,,,category,,,
CAT_WAJOLUFSWH,,,category,,,
CAT_WHXUSWNYZI,,,category,,,
CAT_WNBSMYIOCR,,,category,,,
CAT_WQRMFSSSFI,,,category,,,
CAT_WVNPTVPVMF,,,category,,,
CAT_WXAYJDLAAB,,,category,,,
CAT_XAJEIZYTKY,,,category,,,
CAT_XCUFPJIXAF,,,category,,,
CAT_XFTBOZYGMM,,,category,,,
CAT_XIMTHKJSUO,,,category,,,
CAT_XMMABLILIL,,,category,,,
CAT_XORUZBPOVQ,,,category,,,
CAT_XQYSMVZGDP,,,category,,,
CAT_XTUEYEROSE,,,category,,,
CAT_XZCZZMHKKI,,,category,,,
CAT_YCQRJCBHOE,,,category,,,
CAT_YFRBYWBHFV,,,category,,,
CAT_YLSDOOZREZ,,,category,,,
CAT_YQUHSJCKDR,,,category,,,
CAT_YTMYBRXEZN,,,category,,,
CAT_YYKFKNCJWS,,,category,,,
CAT_ZCCVNSROIN,,,category,,,
CAT_ZFFKCVHKQI,,,category,,,
CAT_ZIIAOOPNHI,,,category,,,
CAT_ZLKTYTTJYF,,,category,,,
CAT_ZOOIPPYWTW,,,category,,,
CAT_ZSPYIEJBNH,,,category,,,
CAT_ZWFUCQDNXV,,,category,,,
CAT_ZYZRVOOPLG,,,category,,,
DATE_ASCPKGXNGG,,,date,,,
DATE_BOECVSZMTZ,,,date,,,
DATE_CAITNCGQLD,,,date,,,
DATE_CTTHMGBIZG,,,date,,,
DATE_DFSPZQDOSX,,,date,,,
DATE_DXTJOQSZFE,,,date,,,
DATE_EGLAHPLVBD,,,date,,,
DATE_FJNPMEXSCM,,,date,,,
DATE_FTAVVIIKXM,,,date,,,
DATE_GHWRNFPYNF,,,date,,,
DATE_GWESRPXANU,,,date,,,
DATE_HKSJLGOTZQ,,,date,,,
DATE_IBKFQBETGI,,,date,,,
DATE_IMKXSFKWHR,,,date,,,
DATE_JERKYHJQZS,,,date,,,
DATE_JMBRFHSTDD,,,date,,,
DATE_JYYNZYKWCP,,,date,,,
DATE_KMDWIIDNAX,,TRUE,date,,,
DATE_LESDLZBIIJ,,TRUE,date,,,
DATE_MALYYOCCQW,,TRUE,date,,,
DATE_MPHWUFGDRS,,TRUE,date,,,
DATE_NAGTRGDVJX,,TRUE,date,,,
DATE_NFZQZTQRCE,,TRUE,date,,,
DATE_NUXPPFKBZT,,TRUE,date,,,
DATE_OGECNDGTRM,,TRUE,date,,,
DATE_OOACOFBRMI,,TRUE,date,,,
DATE_PDARMYQZNR,,TRUE,date,,,
DATE_PICMLTUDAS,,TRUE,date,,,
DATE_PXPYEJRTWJ,,TRUE,date,,,
DATE_QUWMXJXSPS,,TRUE,date,,,
DATE_RFNUTGOIJZ,,TRUE,date,,,
DATE_RNEJOPHHCZ,,TRUE,date,,,
DATE_RTXXVPRAWM,,,date,,,
DATE_SSQMITCGFP,,,date,,,
DATE_SXDOKXDFTV,,,date,,,
DATE_TVMBPDFATR,,,date,,,
DATE_ULRCIENUJC,,,date,,,
DATE_VBIBLASKQS,,,date,,,
DATE_VUWNXXQLDE,,,date,,,
DATE_WJEEQNQZKU,,,date,,,
DATE_XDDDIWXYDE,,,date,,,
DATE_XQSWVAKLBD,,,date,,,
DATE_YIGIWQZYJI,,,date,,,
DATE_YWPJDIFWNY,,,date,,,
DATE_ZXHWXOWPCQ,,,date,,,
NUM_AGULRVKFWG,,,number,,,
NUM_AMGAUULEJP,,,number,,,
NUM_AWHODEZPTW,,,number,,,
NUM_BBTZUXPTZK,,,number,,,
NUM_BEEDTRZXID,,,number,,,
NUM_BFNSUOCTWS,,,number,,,
NUM_BIXPWUKZYT,,,number,,,
NUM_BLJDUDRVXP,,,number,,,
NUM_BOFXWINVZD,,,number,,,
NUM_BPJKAKXCKL,,,number,,,
NUM_BTUGCLXNOK,,,number,,,
NUM_BXWBPJNBRS,,,number,,,
NUM_CCIVEHMGRQ,,,number,,,
NUM_CJRICBKVWC,,,number,,,
NUM_CLWVVAKBGU,,,number,,,
NUM_CRWYHOWTVN,,,number,,,
NUM_CTTINXCAHX,,,number,,,
NUM_CXNLIKEBNU,,,number,,,
NUM_DAMRYOLSXG,,,number,,,
NUM_DBTLYUVGES,,,number,,,
NUM_DENUONZKQH,,,number,,,
NUM_DKINLNSZLW,,,number,,,
NUM_DQFDVOUPLU,,,number,,,
NUM_DTKDNEHQMA,,,number,,,
NUM_DXIOAOBFVN,,,number,,,
NUM_EDSQIXJLIP,,,number,,,
NUM_EKSUBXQAOP,,,number,,,
NUM_EOPJMLLCQV,,,number,,,
NUM_ETRYPTKHTP,,,number,,,
NUM_EUPPDIKOJL,,,number,,,
NUM_EWDZAUBDVQ,,,number,,,
NUM_FDYQANRYPA,,,number,,,
NUM_FICUPEMSXS,,,number,,,
NUM_FLYSPLXKND,,,number,,,
NUM_FPDKEVITET,,,number,,,
NUM_FRAERLRDZW,,,number,,,
NUM_FVOQSSQEQN,,,number,,,
NUM_FZQDWSPJLM,,,number,,,
NUM_GCRWAHSMTB,,,number,,,
NUM_GEBOBITBIS,,,number,,,
NUM_GGSXIOCCVN,,,number,,,
NUM_GKDSZVZWEK,,,number,,,
NUM_GNUXXFEBFM,,,number,,,
NUM_GQERMWBANA,,,number,,,
NUM_GTCBLRBKVH,,,number,,,
NUM_GXOWKENXRW,,,number,,,
NUM_HAERYIDUIJ,,,number,,,
NUM_HEFTTRPEHE,,,number,,,
NUM_HHJWYAQPSI,,,number,,,
NUM_HLOFVOGSQZ,,,number,,,
NUM_HQQOEMWHSH,,,number,,,
NUM_HUTWGCCYNC,,,number,,,
NUM_HXAESUHOHP,,,number,,,
NUM_IDEPMFZLVA,,,number,,,
NUM_IFXEOBYZWN,,,number,,,
NUM_IICZFFSWBD,,,number,,,
NUM_IMSNNVWOVC,,,number,,,
NUM_IUUJEZLMJW,,,number,,,
NUM_IXYWFYCBZC,,,number,,,
NUM_JBYPGEXNTR,,,number,,,
NUM_JGKYRVOHWT,,,number,,,
NUM_JLPRNFNWGP,,,number,,,
NUM_JONSPGTOSP,,,number,,,
NUM_JQZSQUIXJE,,,number,,,
NUM_JWGNAERHGS,,,number,,,
NUM_KAEBATCYLR,,,number,,,
NUM_KGHWAKUOHY,,,number,,,
NUM_KKXCTXFCED,,,number,,,
NUM_KOMLRBUKOP,,,number,,,
NUM_KRHBHEZDWJ,,,number,,,
NUM_KTTWIYCAKO,,,number,,,
NUM_KZFFBOLSYA,,,number,,,
NUM_LCVJHAKZVC,,,number,,,
NUM_LFUHEVHIIK,,,number,,,
NUM_LJVSTXBVDH,,,number,,,
NUM_LPGOWFMXRF,,,number,,,
NUM_LTYNUUDMCR,,,number,,,
NUM_LXINNVBARJ,,,number,,,
NUM_MAOPNXLRJF,,,number,,,
NUM_MEBTTGGHVF,,,number,,,
NUM_MJLMQWDLOC,,,number,,,
NUM_MPPVOALTHU,,,number,,,
NUM_MRWMUCNWOD,,,number,,,
NUM_MTGTRRGQOF,,,number,,,
NUM_MVVXLSRPCN,,,number,,,
NUM_NATWRKGEOC,,,number,,,
NUM_NEQFPWJGSC,,,number,,,
NUM_NHTSCLJMBP,,,number,,,
NUM_NMFYLZCNGY,,,number,,,
NUM_NRFQCYQKJK,,,number,,,
NUM_NWOKZFHAHR,,,number,,,
NUM_NZAAVYLXYD,,,number,,,
NUM_ODAUFXNBQK,,,number,,,
NUM_OELMMBFKDF,,,number,,,
NUM_OGKVLGCGQF,,,number,,,
NUM_OJXGVPYMST,,,number,,,
NUM_OMWMFUSURA,,,number,,,
NUM_OPLSUNEGJT,,,number,,,
NUM_ORRQUZUDBU,,,number,,,
NUM_OXVNUZKMSO,,,number,,,
NUM_PACDVRKPAO,,,number,,,
NUM_PGWIMUIMIB,,,number,,,
NUM_PKOITYYXIL,,,number,,,
NUM_POKVUFDLZI,,,number,,,
NUM_PUSGDCUPXI,,,number,,,
NUM_PZSYOEYSIS,,,number,,,
NUM_QEXZRYPIKY,,,number,,,
NUM_QHUJPEKMPI,,,number,,,
NUM_QJUFBWVOED,,,number,,,
NUM_QOTGHSHGUW,,,number,,,
NUM_QTXEDCJRPN,,,number,,,
NUM_QXBLFDAQEA,,,number,,,
NUM_RBVMAQUWGZ,,,number,,,
NUM_RHRIYEFJDV,,,number,,,
NUM_RMKLDXNUBZ,,,number,,,
NUM_RRJWLOSPGM,,,number,,,
NUM_RVJQWSZZMU,,,number,,,
NUM_RWUFVEGCNO,,,number,,,
NUM_SCFRQFHEMO,,,number,,,
NUM_SHYJGMUYZR,,,number,,,
NUM_SMZSQMCMFY,,,number,,,
NUM_SSEHENTEEO,,,number,,,
NUM_SVGMHPIXWX,,,number,,,
NUM_SXKXSCOUIB,,,number,,,
NUM_TADKSUOKCS,,,number,,,
NUM_TBHGNITXOM,,,number,,,
NUM_TIPSIDZJEZ,,,number,,,
NUM_TLFNYRXPNJ,,,number,,,
NUM_TSSNOTJZJY,,,number,,,
NUM_TXBQGLDOOP,,,number,,,
NUM_TYMXYLYECS,,,number,,,
NUM_UACGFUDVVF,,,number,,,
NUM_UDOTUYANEP,,,number,,,
NUM_UFVUNTCDTL,,,number,,,
NUM_UGSZEAGWDN,,,number,,,
NUM_UJWRTVYNLA,,,number,,,
NUM_UMUTSRBWJP,,,number,,,
NUM_UNYXEQKPER,,,number,,,
NUM_USGWCJXNGB,,,number,,,
NUM_UUTJBUDDVO,,,number,,,
NUM_UZBNQHRLTQ,,,number,,,
NUM_VCIUYIIROY,,,number,,,
NUM_VIBWTAAJND,,,number,,,
NUM_VLAWEQORBW,,,number,,,
NUM_VORKOKGYHY,,,number,,,
NUM_VQUYJDXVVD,,,number,,,
NUM_VVGATFPYJB,,,number,,,
NUM_VVUUBPLUZG,,,number,,,
NUM_VZNRKDDKMO,,,number,,,
NUM_WBMCIQXKUZ,,,number,,,
NUM_WEZCZUXCBO,,,number,,,
NUM_WHYEUUVNAX,,,number,,,
NUM_WKJXFOYPTL,,,number,,,
NUM_WNXGGKFLUU,,,number,,,
NUM_WPROBYIVPM,,,number,,,
NUM_WXPNIPZXRB,,,number,,,
NUM_XAKMNLOZRH,,,number,,,
NUM_XFRZAQJZXJ,,,number,,,
NUM_XIFXYFZZDJ,,,number,,,
NUM_XLFFPKEDIS,,,number,,,
NUM_XPEIEIBGDP,,,number,,,
NUM_XSPWKTYNBF,,,number,,,
NUM_XUJDIOYOFE,,,number,,,
NUM_XXOZXFPNNA,,,number,,,
NUM_XZUBHVLZRK,,,number,,,
NUM_YGJCSEOVRL,,,number,,,
NUM_YILSAXRMHN,,,number,,,
NUM_YLKLZMZLPA,,,number,,,
NUM_YNWBNVKYXC,,,number,,,
NUM_YQPBDJHEVS,,,number,,,
NUM_YTMAUYXHGE,,,number,,,
NUM_YYDFXMROKR,,,number,,,
NUM_ZEZZJPEDEH,,,number,,,
NUM_ZKPPUWSBSA,,,number,,,
NUM_ZOBSLASUPB,,,number,,,
NUM_ZQJSUDRXBN,,,number,,,
NUM_ZTEHYNMTRV,,,number,,,
TEXT,,,text,,,
NUM_SWRMRNVQYB,,,number,,,
NUM_SYEUMJUDCQ,,,number,,,
NUM_TATYBRTCLG,,,number,,,
NUM_THFNXSZTFT,,,number,,,
NUM_TKGYRXWEEB,,,number,,,
NUM_TQJDZDVUEV,,,number,,,
NUM_TUKDPVEAZH,,,number,,,
NUM_TXWHDTAZYU,,,number,,,
NUM_TZIKZFIGGM,,,number,,,
NUM_UCHBYQXLKO,,,number,,,
NUM_UEHCQNUAEB,,,number,,,
NUM_UFZEVVADDW,,,number,,,
NUM_UICLJLWIGA,,,number,,,
NUM_UKTEOMQVSH,,,number,,,
NUM_UNLPYOHJHI,,,number,,,
NUM_URMOASGCGK,,,number,,,
NUM_UTQDPFLJDV,,,number,,,
NUM_UWHCPUKLOQ,,,number,,,
NUM_VBKIOMCYAY,,,number,,,
NUM_VEWFIGEHQN,,,number,,,
NUM_VJFHTSGINZ,,,number,,,
NUM_VMFNXDSIOX,,,number,,,
NUM_VPLUAVFXXR,,,number,,,
NUM_VRRIFGBSKA,,,number,,,
NUM_VVMEIOPWYD,,TRUE,number,,,
NUM_VWJXVWDFHZ,,TRUE,number,,,
NUM_WAKWDOHXUL,,TRUE,number,,,
NUM_WCRFTTETCQ,,TRUE,number,,,
NUM_WFUADLKZFQ,,TRUE,number,,,
NUM_WILQHLKOIJ,,TRUE,number,,,
NUM_WMKMJBKJWL,,,number,,,
NUM_WNYCDJLSAU,,,number,,,
NUM_WQUHFLOFAS,,,number,,,
NUM_WYFWTWILFL,,,number,,,
NUM_XDRFNGFKYB,,,number,,,
NUM_XGNABBVSID,,,number,,,
NUM_XJCKLRMOFK,,,number,,,
NUM_XMBABFLZFE,,,number,,,
NUM_XRDSWLPYUD,,,number,,,
NUM_XTBSDCAIOY,,,number,,,
NUM_XVCTHXGEIB,,,number,,,
NUM_XZDWKESMLA,,,number,,,
NUM_YBETMTFQKU,,,number,,,
NUM_YHKOWDSFCB,,,number,,,
NUM_YIQPCZRVQO,,,number,,,
NUM_YLVXYWJPLD,,,number,,,
NUM_YPFWQSURLH,,,number,,,
NUM_YRTSCRTESY,,,number,,,
NUM_YUSVNGWBVK,,,number,,,
NUM_ZBDIFPGNQU,,,number,,,
NUM_ZIIJCYWGJY,,,number,,,
NUM_ZMEHCMWQUP,,TRUE,number,,,
NUM_ZOURWNXVJG,,,number,,,
NUM_ZSASJMAXMR,,,number,,,
NUM_ZUANQHHSVQ,,,number,,,
